{"App Name": "Keyboard Designer", "App Website": "www.keyboarddesigner.com", "DateTime": "2022-09-28 20:38:40", "Designs": [{"Name":"UCW","Type":0,"ID":"5fb1b0fb-7098-4fdb-bd45-4c15f5bb4731","JDID":0,"Rows":5,"BSpa":80,"HiPo":36,"HiLa":35,"STPe":100,"STTi":250,"DHol":210,"FoSi":43,"KWPe":0,"Lang":"CS","SSFS":50,"CoBa":"#BBDEFB","CoPo":"#A7CAE7","CoUn":"#F44336","KSKe":{"Back":"#E3F2FD","Fore":"#795548","SubF":"#B59184"},"KSPo":{"Back":"#CFDEE9","Fore":"#654134","SubF":"#A17D70"},"KSMa":{"Back":"#FFBFB3","Fore":"#141432","SubF":"#141432"},"Magn":{"Heig":50,"WiCh":164,"WiCu":53,"WiBo":0,"FoSi":79,"Usag":1,"CuCu":"#DC0A28","FChU":2,"FChD":1,"FCuU":3,"FCuD":3,"SChU":"21F5","SChD":"2327","SCuU":"21F5","SCuD":"2327","OCuU":"002E","OCuD":"0020"},"WoBa":{"Posi":1,"Heig":50,"FoSi":49,"SeWi":100,"LaSi":100,"TeNO":"#FF4444","TeMi":"#4444FF","LaOK":"#44FF44","LaNO":"#FF4444","LaTe":"#FFFFFF","AKLa":{"PRNO":{"Type":2}},"AKSu":{"PROK":{"Type":5},"PRNO":{"Type":5},"HOOK":{"Type":3},"HONO":{"Type":3},"DOOK":{"Type":4},"DONO":{"Type":4}},"AKCu":{"Keys":[]},"Sett":"0|0|1|1|1"},"EmSe":{"CoCB":{"CoCo":"#FFFFFF"},"AcWi":75,"FHSi":110,"SkSe":true},"Modes":[{"Name":"Lowercase letters","JMID":0,"PoTe":true,"LaTe":true},{"Name":"Capital letters","JMID":1,"PoCa":true,"LaCa":true},{"Name":"Special characters","JMID":2}],"Keys":[{"ColN":0,"RowN":0,"FuPr":[{"JMID":2,"FTyp":6,"Symb":"2699000A","SiMu":70},{"JMID":0,"FTyp":6,"Symb":"2699000A","SiMu":70},{"JMID":1,"FTyp":6,"Symb":"2699000A","SiMu":70}]},{"ColN":1,"RowN":0,"FuPr":[{"JMID":2,"FTyp":2,"Symb":"270E","TMod":"d69e52fb-1896-4c91-b0dc-e9caaaeca2a2","TJMI":0,"TDes":"8c0b925d-1e87-4306-9c75-e9080a901981","TJDI":3,"IsRe":false},{"JMID":0,"FTyp":2,"Symb":"270E","TMod":"d69e52fb-1896-4c91-b0dc-e9caaaeca2a2","TJMI":0,"TDes":"8c0b925d-1e87-4306-9c75-e9080a901981","TJDI":3,"IsRe":false},{"JMID":1,"FTyp":2,"Symb":"270E","TMod":"d69e52fb-1896-4c91-b0dc-e9caaaeca2a2","TJMI":0,"TDes":"8c0b925d-1e87-4306-9c75-e9080a901981","TJDI":3,"IsRe":false}],"FuUp":[{"JMID":2,"FTyp":8,"Symb":"2191","OMov":0},{"JMID":0,"FTyp":8,"Symb":"2191","OMov":0},{"JMID":1,"FTyp":8,"Symb":"2191","OMov":0}],"FuRi":[{"JMID":2,"FTyp":8,"Symb":"2192","OMov":1},{"JMID":0,"FTyp":8,"Symb":"2192","OMov":1},{"JMID":1,"FTyp":8,"Symb":"2192","OMov":1}],"FuDo":[{"JMID":2,"FTyp":8,"Symb":"2193","OMov":2},{"JMID":0,"FTyp":8,"Symb":"2193","OMov":2},{"JMID":1,"FTyp":8,"Symb":"2193","OMov":2}],"FuLe":[{"JMID":2,"FTyp":8,"Symb":"2190","OMov":3},{"JMID":0,"FTyp":8,"Symb":"2190","OMov":3},{"JMID":1,"FTyp":8,"Symb":"2190","OMov":3}]},{"ColN":2,"RowN":0,"FuPr":[{"JMID":2,"FTyp":2,"Symb":"006100620063","TMod":"6925a7e8-4774-4d4c-a090-6cd9dd4a0285","TJMI":0,"TDes":"5fb1b0fb-7098-4fdb-bd45-4c15f5bb4731","TJDI":0,"IsRe":false,"SiMu":85},{"JMID":0,"FTyp":2,"Symb":"00230021003D","TMod":"cdeec897-ea4c-490d-a8cf-4baeb54aacb0","TJMI":2,"TDes":"5fb1b0fb-7098-4fdb-bd45-4c15f5bb4731","TJDI":0,"IsRe":false,"SiMu":85},{"JMID":1,"FTyp":2,"Symb":"00230021003D","TMod":"cdeec897-ea4c-490d-a8cf-4baeb54aacb0","TJMI":2,"TDes":"5fb1b0fb-7098-4fdb-bd45-4c15f5bb4731","TJDI":0,"IsRe":false,"SiMu":85}],"FuHo":[{"JMID":0,"FTyp":35,"Symb":"263A"},{"JMID":1,"FTyp":35,"Symb":"263A"}]},{"ColN":3,"RowN":0,"FuPr":[{"JMID":2,"SyOu":"002C"},{"JMID":0,"SyOu":"002C"},{"JMID":1,"SyOu":"002C"}],"FuHo":[{"JMID":2,"PopK":{"Keys":[{"ColN":0,"RowN":0,"Func":{"JMID":-2,"SyOu":"0021"}}]},"FTyp":5,"Symb":"0021"},{"JMID":0,"PopK":{"Keys":[{"ColN":0,"RowN":0,"Func":{"JMID":-2,"SyOu":"0021"}}]},"FTyp":5,"Symb":"0021"},{"JMID":1,"PopK":{"Keys":[{"ColN":0,"RowN":0,"Func":{"JMID":-2,"SyOu":"0021"}}]},"FTyp":5,"Symb":"0021"}]},{"ColN":4,"RowN":0,"Widt":300,"SuTy":100,"FuPr":[{"JMID":2,"SAsO":false,"Symb":"2423","Outp":"0020"},{"JMID":0,"SAsO":false,"Symb":"2423","Outp":"0020"},{"JMID":1,"SAsO":false,"Symb":"2423","Outp":"0020"}]},{"ColN":5,"RowN":0,"FuPr":[{"JMID":2,"SyOu":"002E"},{"JMID":0,"SyOu":"002E"},{"JMID":1,"SyOu":"002E"}],"FuHo":[{"JMID":2,"PopK":{"Keys":[{"ColN":0,"RowN":0,"Func":{"JMID":-2,"SyOu":"003F"}}]},"FTyp":5,"Symb":"003F"},{"JMID":0,"PopK":{"Keys":[{"ColN":0,"RowN":0,"Func":{"JMID":-2,"SyOu":"003F"}}]},"FTyp":5,"Symb":"003F"},{"JMID":1,"PopK":{"Keys":[{"ColN":0,"RowN":0,"Func":{"JMID":-2,"SyOu":"003F"}}]},"FTyp":5,"Symb":"003F"}],"FuLe":[{"JMID":0,"SAsO":false,"Symb":"00330078","Outp":"002E002E002E"}]},{"ColN":6,"RowN":0,"Widt":200,"FuPr":[{"JMID":2,"FTyp":16,"Symb":"004F004B","SyNe":"21D2","SyLi":"23CE","SySa":"2315","SySe":"21F0"},{"JMID":0,"FTyp":16,"Symb":"004F004B","SyNe":"21D2","SyLi":"23CE","SySa":"2315","SySe":"21F0"},{"JMID":1,"FTyp":16,"Symb":"004F004B","SyNe":"21D2","SyLi":"23CE","SySa":"2315","SySe":"21F0"}],"FuUp":[{"JMID":2,"FTyp":3,"Symb":"004F004B"},{"JMID":0,"FTyp":3,"Symb":"004F004B"},{"JMID":1,"FTyp":3,"Symb":"004F004B"}]},{"ColN":0,"RowN":1,"Widt":150,"FuPr":[{"JMID":2,"FTyp":2,"Symb":"21E7","TMod":"25872c0a-6bd3-4300-b32e-9265979403bd","TJMI":1,"TDes":"5fb1b0fb-7098-4fdb-bd45-4c15f5bb4731","TJDI":0,"IsRe":true},{"JMID":0,"FTyp":2,"Symb":"21E7","TMod":"25872c0a-6bd3-4300-b32e-9265979403bd","TJMI":1,"TDes":"5fb1b0fb-7098-4fdb-bd45-4c15f5bb4731","TJDI":0,"IsRe":true},{"JMID":1,"FTyp":2,"Symb":"21E9","TMod":"6925a7e8-4774-4d4c-a090-6cd9dd4a0285","TJMI":0,"TDes":"5fb1b0fb-7098-4fdb-bd45-4c15f5bb4731","TJDI":0,"IsRe":false}],"FuHo":[{"JMID":2,"FTyp":2,"Symb":"21EA","TMod":"25872c0a-6bd3-4300-b32e-9265979403bd","TJMI":1,"TDes":"5fb1b0fb-7098-4fdb-bd45-4c15f5bb4731","TJDI":0,"IsRe":false},{"JMID":0,"FTyp":2,"Symb":"21EA","TMod":"25872c0a-6bd3-4300-b32e-9265979403bd","TJMI":1,"TDes":"5fb1b0fb-7098-4fdb-bd45-4c15f5bb4731","TJDI":0,"IsRe":false},{"JMID":1,"FTyp":2,"Symb":"21EA","TMod":"25872c0a-6bd3-4300-b32e-9265979403bd","TJMI":1,"TDes":"5fb1b0fb-7098-4fdb-bd45-4c15f5bb4731","TJDI":0,"IsRe":false}]},{"ColN":1,"RowN":1,"FuPr":[{"JMID":2,"SyOu":"003C"},{"JMID":0,"SyOu":"007A"},{"JMID":1,"SyOu":"005A"}],"FuHo":[{"JMID":0,"PopK":{"Keys":[{"ColN":0,"RowN":0,"Func":{"JMID":-2,"SyOu":"017E"}}]},"FTyp":5}],"FuUp":[{"JMID":0,"SyOu":"005A"}],"FuRi":[],"FuDo":[{"JMID":0,"SyOu":"017E"},{"JMID":1,"SyOu":"017D"}],"FuLe":[]},{"ColN":2,"RowN":1,"FuPr":[{"JMID":2,"SyOu":"003E"},{"JMID":0,"SyOu":"0078"},{"JMID":1,"SyOu":"0058"}],"FuHo":[{"JMID":0,"FTyp":0}],"FuUp":[{"JMID":0,"SyOu":"0058"}],"FuRi":[],"FuDo":[{"JMID":0,"SyOu":"00DF"},{"JMID":1,"SyOu":"00DF"}],"FuLe":[]},{"ColN":3,"RowN":1,"FuPr":[{"JMID":2,"SyOu":"007C"},{"JMID":0,"SyOu":"0063"},{"JMID":1,"SyOu":"0043"}],"FuHo":[{"JMID":0,"PopK":{"Keys":[{"ColN":0,"RowN":0,"Func":{"JMID":-2,"SyOu":"010D"}}]},"FTyp":5}],"FuUp":[{"JMID":0,"SyOu":"0043"}],"FuRi":[{"JMID":0,"SAsO":false}],"FuDo":[{"JMID":0,"SyOu":"010D"},{"JMID":1,"SyOu":"010C"}],"FuLe":[]},{"ColN":4,"RowN":1,"FuPr":[{"JMID":2,"SyOu":"002B"},{"JMID":0,"SyOu":"0076"},{"JMID":1,"SyOu":"0056"}],"FuHo":[],"FuUp":[{"JMID":0,"SyOu":"0056"}],"FuRi":[],"FuDo":[{"JMID":0,"SyOu":"00E7"},{"JMID":1,"SyOu":"00C7"}],"FuLe":[]},{"ColN":5,"RowN":1,"FuPr":[{"JMID":2,"SyOu":"002D"},{"JMID":0,"SyOu":"0062"},{"JMID":1,"SyOu":"0042"}],"FuHo":[],"FuUp":[{"JMID":0,"SyOu":"0042"}],"FuRi":[],"FuDo":[{"JMID":0,"SyOu":"00F1"},{"JMID":1,"SyOu":"00D1"}],"FuLe":[]},{"ColN":6,"RowN":1,"FuPr":[{"JMID":2,"SyOu":"003B"},{"JMID":0,"SyOu":"006E"},{"JMID":1,"SyOu":"004E"}],"FuHo":[{"JMID":0,"PopK":{"Keys":[{"ColN":0,"RowN":0,"Func":{"JMID":-2,"SyOu":"0148"}},{"ColN":1,"RowN":0,"Func":{"JMID":-2,"SyOu":"00F1"}}]},"FTyp":5}],"FuUp":[{"JMID":0,"SyOu":"004E"}],"FuRi":[],"FuDo":[{"JMID":0,"SyOu":"0148"},{"JMID":1,"SyOu":"0147"}],"FuLe":[]},{"ColN":7,"RowN":1,"FuPr":[{"JMID":2,"SyOu":"003A"},{"JMID":0,"SyOu":"006D"},{"JMID":1,"SyOu":"004D"}],"FuHo":[],"FuUp":[{"JMID":0,"SyOu":"004D"},{"JMID":1,"FTyp":0}],"FuRi":[],"FuDo":[{"JMID":0,"SyOu":"013A"},{"JMID":1,"SyOu":"0139"}],"FuLe":[]},{"ColN":8,"RowN":1,"Widt":150,"SuTy":100,"FuPr":[{"JMID":2,"FTyp":4,"Symb":"232B","ODel":0},{"JMID":0,"FTyp":4,"Symb":"232B","ODel":0},{"JMID":1,"FTyp":4,"Symb":"232B","ODel":0}],"FuHo":[{"JMID":2,"FTyp":4,"Symb":"232B","ODel":0,"ReFT":500,"RePe":150},{"JMID":0,"FTyp":4,"Symb":"232B","ODel":0,"ReFT":500,"RePe":150},{"JMID":1,"FTyp":4,"Symb":"232B","ODel":0,"ReFT":500,"RePe":150}],"FuUp":[{"JMID":2,"FTyp":4,"Symb":"2326","ODel":1},{"JMID":0,"FTyp":4,"Symb":"2326","ODel":1},{"JMID":1,"FTyp":4,"Symb":"2326","ODel":1}],"FuRi":[],"FuDo":[],"FuLe":[{"JMID":2,"PopK":{"Rows":2,"Keys":[{"ColN":0,"RowN":0,"Widt":200,"Heig":400,"Func":{"JMID":-2,"FTyp":4,"Symb":"00440065006C006500740065000A0061006C006C","ODel":4,"SiMu":80}},{"ColN":1,"RowN":0,"Widt":200,"Heig":200,"Func":{"JMID":-2,"FTyp":4,"Symb":"00440065006C006500740065000A0077006F00720064000A006C006500660074","ODel":2,"SiMu":80}},{"ColN":2,"RowN":0,"Widt":200,"Heig":200,"Func":{"JMID":-2,"FTyp":4,"Symb":"00440065006C006500740065000A0077006F00720064000A00720069006700680074","ODel":3,"SiMu":80}},{"ColN":0,"RowN":1,"Widt":200,"Heig":200,"Func":{"JMID":-2,"FTyp":4,"Symb":"00440065006C006500740065000A0074006F000A00730074006100720074","ODel":5,"SiMu":80}},{"ColN":1,"RowN":1,"Widt":200,"Heig":200,"Func":{"JMID":-2,"FTyp":4,"Symb":"00440065006C006500740065000A0074006F000A0065006E0064","ODel":6,"SiMu":80}}]},"FTyp":5,"Symb":"002E002E002E"},{"JMID":0,"PopK":{"Rows":2,"Keys":[{"ColN":0,"RowN":0,"Widt":200,"Heig":400,"Func":{"JMID":-2,"FTyp":4,"Symb":"00440065006C006500740065000A0061006C006C","ODel":4,"SiMu":80}},{"ColN":1,"RowN":0,"Widt":200,"Heig":200,"Func":{"JMID":-2,"FTyp":4,"Symb":"00440065006C006500740065000A0077006F00720064000A006C006500660074","ODel":2,"SiMu":80}},{"ColN":2,"RowN":0,"Widt":200,"Heig":200,"Func":{"JMID":-2,"FTyp":4,"Symb":"00440065006C006500740065000A0077006F00720064000A00720069006700680074","ODel":3,"SiMu":80}},{"ColN":0,"RowN":1,"Widt":200,"Heig":200,"Func":{"JMID":-2,"FTyp":4,"Symb":"00440065006C006500740065000A0074006F000A00730074006100720074","ODel":5,"SiMu":80}},{"ColN":1,"RowN":1,"Widt":200,"Heig":200,"Func":{"JMID":-2,"FTyp":4,"Symb":"00440065006C006500740065000A0074006F000A0065006E0064","ODel":6,"SiMu":80}}]},"FTyp":5,"Symb":"002E002E002E"},{"JMID":1,"PopK":{"Rows":2,"Keys":[{"ColN":0,"RowN":0,"Widt":200,"Heig":400,"Func":{"JMID":-2,"FTyp":4,"Symb":"00440065006C006500740065000A0061006C006C","ODel":4,"SiMu":80}},{"ColN":1,"RowN":0,"Widt":200,"Heig":200,"Func":{"JMID":-2,"FTyp":4,"Symb":"00440065006C006500740065000A0077006F00720064000A006C006500660074","ODel":2,"SiMu":80}},{"ColN":2,"RowN":0,"Widt":200,"Heig":200,"Func":{"JMID":-2,"FTyp":4,"Symb":"00440065006C006500740065000A0077006F00720064000A00720069006700680074","ODel":3,"SiMu":80}},{"ColN":0,"RowN":1,"Widt":200,"Heig":200,"Func":{"JMID":-2,"FTyp":4,"Symb":"00440065006C006500740065000A0074006F000A00730074006100720074","ODel":5,"SiMu":80}},{"ColN":1,"RowN":1,"Widt":200,"Heig":200,"Func":{"JMID":-2,"FTyp":4,"Symb":"00440065006C006500740065000A0074006F000A0065006E0064","ODel":6,"SiMu":80}}]},"FTyp":5,"Symb":"002E002E002E"}]},{"ColN":0,"RowN":2,"FuPr":[{"JMID":2,"SyOu":"005B"},{"JMID":0,"SyOu":"0061"},{"JMID":1,"SyOu":"0041"}],"FuHo":[],"FuUp":[{"JMID":0,"SyOu":"0041"}],"FuRi":[],"FuDo":[{"JMID":0,"SyOu":"00E1"},{"JMID":1,"SyOu":"00C1"}],"FuLe":[]},{"ColN":1,"RowN":2,"FuPr":[{"JMID":2,"SyOu":"005D"},{"JMID":0,"SyOu":"0073"},{"JMID":1,"SyOu":"0053"}],"FuHo":[{"JMID":0,"PopK":{"Keys":[{"ColN":0,"RowN":0,"Func":{"JMID":-2,"SyOu":"0161"}},{"ColN":1,"RowN":0,"Func":{"JMID":-2,"SyOu":"00DF"}},{"ColN":2,"RowN":0,"Func":{"JMID":-2,"SyOu":"00A7"}}]},"FTyp":5}],"FuUp":[{"JMID":0,"SyOu":"0053"}],"FuRi":[{"JMID":0,"FTyp":0}],"FuDo":[{"JMID":0,"SyOu":"0161"},{"JMID":1,"SyOu":"0160"}],"FuLe":[{"JMID":0,"FTyp":0,"Outp":"00730073"}]},{"ColN":2,"RowN":2,"FuPr":[{"JMID":2,"SyOu":"007B"},{"JMID":0,"SyOu":"0064"},{"JMID":1,"SyOu":"0044"}],"FuHo":[{"JMID":0,"PopK":{"Keys":[{"ColN":0,"RowN":0,"Func":{"JMID":-2,"SyOu":"010F"}}]},"FTyp":5}],"FuUp":[{"JMID":0,"SyOu":"0044"}],"FuRi":[],"FuDo":[{"JMID":0,"SyOu":"010F"},{"JMID":1,"SyOu":"010E"}],"FuLe":[]},{"ColN":3,"RowN":2,"FuPr":[{"JMID":2,"SyOu":"007D"},{"JMID":0,"SyOu":"0066"},{"JMID":1,"SyOu":"0046"}],"FuHo":[{"JMID":1,"FTyp":0}],"FuUp":[{"JMID":0,"SyOu":"0046"}],"FuRi":[{"JMID":1,"FTyp":0}],"FuDo":[{"JMID":0,"SyOu":"00EB"},{"JMID":1,"SyOu":"00CB"}],"FuLe":[]},{"ColN":4,"RowN":2,"FuPr":[{"JMID":2,"SyOu":"0028"},{"JMID":0,"SyOu":"0067"},{"JMID":1,"SyOu":"0047"}],"FuHo":[],"FuUp":[{"JMID":0,"SyOu":"0047"}],"FuRi":[],"FuDo":[{"JMID":0,"SyOu":"0155"},{"JMID":1,"SyOu":"0154"}],"FuLe":[]},{"ColN":5,"RowN":2,"FuPr":[{"JMID":2,"SyOu":"0029"},{"JMID":0,"SyOu":"0068"},{"JMID":1,"SyOu":"0048"}],"FuHo":[],"FuUp":[{"JMID":0,"SyOu":"0048"}],"FuRi":[],"FuDo":[{"JMID":0,"SyOu":"00FA"},{"JMID":1,"SyOu":"00DA"}],"FuLe":[]},{"ColN":6,"RowN":2,"FuPr":[{"JMID":2,"SyOu":"002F"},{"JMID":0,"SyOu":"006A"},{"JMID":1,"SyOu":"004A"}],"FuHo":[],"FuUp":[{"JMID":0,"SyOu":"004A"}],"FuRi":[],"FuDo":[{"JMID":0,"SyOu":"00FC"},{"JMID":1,"SyOu":"00DC"}],"FuLe":[]},{"ColN":7,"RowN":2,"FuPr":[{"JMID":2,"SyOu":"005C"},{"JMID":0,"SyOu":"006B"},{"JMID":1,"SyOu":"004B"}],"FuUp":[{"JMID":0,"SyOu":"004B"}],"FuDo":[{"JMID":0,"SyOu":"00FC"}]},{"ColN":8,"RowN":2,"FuPr":[{"JMID":2,"SyOu":"002A"},{"JMID":0,"SyOu":"006C"},{"JMID":1,"SyOu":"004C"}],"FuHo":[{"JMID":0,"PopK":{"Keys":[{"ColN":0,"RowN":0,"Func":{"JMID":-2,"SyOu":"013E"}},{"ColN":1,"RowN":0,"Func":{"JMID":-2,"SyOu":"013A"}}]},"FTyp":5}],"FuUp":[{"JMID":0,"SyOu":"004C"}],"FuDo":[{"JMID":0,"SyOu":"013E"}]},{"ColN":0,"RowN":3,"FuPr":[{"JMID":2,"SyOu":"0040"},{"JMID":0,"SyOu":"0071"},{"JMID":1,"SyOu":"0051"}],"FuHo":[{"JMID":0,"PopK":{"Keys":[{"ColN":0,"RowN":0,"Func":{"JMID":-2,"SyOu":"0040"}}]},"FTyp":5,"Symb":"0040"},{"JMID":1,"PopK":{"Keys":[{"ColN":0,"RowN":0,"Func":{"JMID":-2,"SyOu":"0040"}}]},"FTyp":5,"Symb":"0040"}],"FuUp":[{"JMID":0,"SyOu":"0051"}],"FuRi":[],"FuDo":[{"JMID":0,"SyOu":"00E4"},{"JMID":1,"SyOu":"00C4"}],"FuLe":[]},{"ColN":1,"RowN":3,"FuPr":[{"JMID":2,"SyOu":"0027"},{"JMID":0,"SyOu":"0077"},{"JMID":1,"SyOu":"0057"}],"FuHo":[],"FuUp":[{"JMID":0,"SyOu":"0057"}],"FuRi":[],"FuDo":[{"JMID":0,"SyOu":"011B"},{"JMID":1,"SyOu":"011A"}],"FuLe":[]},{"ColN":2,"RowN":3,"FuPr":[{"JMID":2,"SyOu":"007E"},{"JMID":0,"SyOu":"0065"},{"JMID":1,"SyOu":"0045"}],"FuHo":[{"JMID":0,"PopK":{"Keys":[{"ColN":0,"RowN":0,"Func":{"JMID":-2,"SyOu":"00E9"}},{"ColN":1,"RowN":0,"Func":{"JMID":-2,"SyOu":"011B"}},{"ColN":2,"RowN":0,"Func":{"JMID":-2,"SyOu":"20AC"}}]},"FTyp":5,"Symb":"20AC"}],"FuUp":[{"JMID":0,"SyOu":"0045"}],"FuRi":[],"FuDo":[{"JMID":0,"SyOu":"00E9"},{"JMID":1,"SyOu":"00C9"}],"FuLe":[]},{"ColN":3,"RowN":3,"FuPr":[{"JMID":2,"SyOu":"00B0"},{"JMID":0,"SyOu":"0072"},{"JMID":1,"SyOu":"0052"}],"FuHo":[{"JMID":0,"PopK":{"Keys":[{"ColN":0,"RowN":0,"Func":{"JMID":-2,"SyOu":"0159"}}]},"FTyp":5,"Symb":"002D"}],"FuUp":[{"JMID":0,"SyOu":"0052"}],"FuRi":[],"FuDo":[{"JMID":0,"SyOu":"0159"},{"JMID":1,"SyOu":"0158"}],"FuLe":[]},{"ColN":4,"RowN":3,"FuPr":[{"JMID":2,"SyOu":"20AC"},{"JMID":0,"SyOu":"0074"},{"JMID":1,"SyOu":"0054"}],"FuHo":[{"JMID":0,"PopK":{"Keys":[{"ColN":0,"RowN":0,"Func":{"JMID":-2,"FTyp":0}},{"ColN":1,"RowN":0,"Func":{"JMID":-2,"SyOu":"0165"}},{"ColN":2,"RowN":0,"Func":{"JMID":-2,"FTyp":0}}]},"FTyp":5,"Symb":"0165","Outp":"0165"}],"FuUp":[{"JMID":0,"SyOu":"0054"}],"FuRi":[],"FuDo":[{"JMID":0,"SyOu":"0165"},{"JMID":1,"SyOu":"0164"}],"FuLe":[{"JMID":0,"FTyp":0,"Outp":"00740074"}]},{"ColN":5,"RowN":3,"FuPr":[{"JMID":2,"SyOu":"003D"},{"JMID":0,"SyOu":"0079"},{"JMID":1,"SyOu":"0059"}],"FuHo":[{"JMID":0,"PopK":{"Keys":[{"ColN":0,"RowN":0,"Func":{"JMID":-2,"SyOu":"00FD"}},{"ColN":1,"RowN":0,"Func":{"JMID":-2,"SyOu":"005C"}}]},"FTyp":5,"Symb":"005C"}],"FuUp":[{"JMID":0,"SyOu":"0059"}],"FuRi":[],"FuDo":[{"JMID":0,"SyOu":"00FD"},{"JMID":1,"SyOu":"00DD"}],"FuLe":[]},{"ColN":6,"RowN":3,"FuPr":[{"JMID":2,"SyOu":"005F"},{"JMID":0,"SyOu":"0075"},{"JMID":1,"SyOu":"0055"}],"FuHo":[{"JMID":0,"PopK":{"Keys":[{"ColN":0,"RowN":0,"Func":{"JMID":-2,"SyOu":"016F"}},{"ColN":1,"RowN":0,"Func":{"JMID":-2,"SyOu":"00FA"}}]},"FTyp":5}],"FuUp":[{"JMID":0,"SyOu":"0055"}],"FuRi":[],"FuDo":[{"JMID":0,"SyOu":"016F"},{"JMID":1,"SyOu":"016E"}],"FuLe":[]},{"ColN":7,"RowN":3,"FuPr":[{"JMID":2,"SyOu":"0023"},{"JMID":0,"SyOu":"0069"},{"JMID":1,"SyOu":"0049"}],"FuHo":[{"JMID":0,"PopK":{"Keys":[{"ColN":0,"RowN":0,"Func":{"JMID":-2,"SyOu":"003A"}},{"ColN":1,"RowN":0,"Func":{"JMID":-2,"SyOu":"00ED"}}]},"FTyp":5,"Symb":"003A"}],"FuUp":[{"JMID":0,"SyOu":"0049"}],"FuRi":[],"FuDo":[{"JMID":0,"SyOu":"00ED"},{"JMID":1,"SyOu":"00CD"}],"FuLe":[]},{"ColN":8,"RowN":3,"FuPr":[{"JMID":2,"SyOu":"0025"},{"JMID":0,"SyOu":"006F"},{"JMID":1,"SyOu":"004F"}],"FuHo":[],"FuUp":[{"JMID":0,"SyOu":"004F"}],"FuRi":[],"FuDo":[{"JMID":0,"SyOu":"00F3"},{"JMID":1,"SyOu":"00D3"}],"FuLe":[]},{"ColN":9,"RowN":3,"FuPr":[{"JMID":2,"SyOu":"007400680078"},{"JMID":0,"SyOu":"0070"},{"JMID":1,"SyOu":"0050"}],"FuHo":[{"JMID":0,"PopK":{"Keys":[{"ColN":0,"RowN":0,"Func":{"JMID":-2,"SyOu":"003B"}}]},"FTyp":5,"Symb":"003B"}],"FuUp":[{"JMID":0,"SyOu":"0050"}],"FuRi":[],"FuDo":[{"JMID":0,"SyOu":"00F6"},{"JMID":1,"SyOu":"00D6"}],"FuLe":[]},{"ColN":0,"RowN":4,"FuPr":[{"JMID":2,"SyOu":"005E"},{"JMID":0,"SyOu":"0031"},{"JMID":1,"SyOu":"0031"}],"FuHo":[{"JMID":0,"PopK":{"Keys":[{"ColN":0,"RowN":0,"Func":{"JMID":-2,"SyOu":"0021"}}]},"FTyp":5,"Symb":"0021"},{"JMID":1,"PopK":{"Keys":[{"ColN":0,"RowN":0,"Func":{"JMID":-2,"SyOu":"0021"}}]},"FTyp":5,"Symb":"0021"}]},{"ColN":1,"RowN":4,"FuPr":[{"JMID":2,"SyOu":"00B2"},{"JMID":0,"SyOu":"0032"},{"JMID":1,"SyOu":"0032"}],"FuHo":[{"JMID":0,"PopK":{"Keys":[{"ColN":0,"RowN":0,"Func":{"JMID":-2,"SyOu":"0022"}}]},"FTyp":5,"Symb":"0022"},{"JMID":1,"PopK":{"Keys":[{"ColN":0,"RowN":0,"Func":{"JMID":-2,"SyOu":"0022"}}]},"FTyp":5,"Symb":"0022"}]},{"ColN":2,"RowN":4,"FuPr":[{"JMID":2,"SyOu":"00B3"},{"JMID":0,"SyOu":"0033"},{"JMID":1,"SyOu":"0033"}],"FuHo":[{"JMID":0,"PopK":{"Keys":[{"ColN":0,"RowN":0,"Func":{"JMID":-2,"SyOu":"00A7"}}]},"FTyp":5,"Symb":"00A7"},{"JMID":1,"PopK":{"Keys":[{"ColN":0,"RowN":0,"Func":{"JMID":-2,"SyOu":"00A7"}}]},"FTyp":5,"Symb":"00A7"}]},{"ColN":3,"RowN":4,"FuPr":[{"JMID":2,"SyOu":"003A002D0029"},{"JMID":0,"SyOu":"0034"},{"JMID":1,"SyOu":"0034"}],"FuHo":[{"JMID":0,"PopK":{"Keys":[{"ColN":0,"RowN":0,"Func":{"JMID":-2,"SyOu":"0024"}}]},"FTyp":5,"Symb":"0024"},{"JMID":1,"PopK":{"Keys":[{"ColN":0,"RowN":0,"Func":{"JMID":-2,"SyOu":"0024"}}]},"FTyp":5,"Symb":"0024"}]},{"ColN":4,"RowN":4,"FuPr":[{"JMID":2,"SyOu":"003B002D0029"},{"JMID":0,"SyOu":"0035"},{"JMID":1,"SyOu":"0035"}],"FuHo":[{"JMID":0,"PopK":{"Keys":[{"ColN":0,"RowN":0,"Func":{"JMID":-2,"SyOu":"0025"}}]},"FTyp":5,"Symb":"0025"},{"JMID":1,"PopK":{"Keys":[{"ColN":0,"RowN":0,"Func":{"JMID":-2,"SyOu":"0025"}}]},"FTyp":5,"Symb":"0025"}]},{"ColN":5,"RowN":4,"FuPr":[{"JMID":2,"SyOu":"003A002D0028"},{"JMID":0,"SyOu":"0036"},{"JMID":1,"SyOu":"0036"}],"FuHo":[{"JMID":0,"PopK":{"Keys":[{"ColN":0,"RowN":0,"Func":{"JMID":-2,"SyOu":"0026"}}]},"FTyp":5,"Symb":"0026"},{"JMID":1,"PopK":{"Keys":[{"ColN":0,"RowN":0,"Func":{"JMID":-2,"SyOu":"0026"}}]},"FTyp":5,"Symb":"0026"}]},{"ColN":6,"RowN":4,"FuPr":[{"JMID":2,"SyOu":"003A002D0044"},{"JMID":0,"SyOu":"0037"},{"JMID":1,"SyOu":"0037"}],"FuHo":[{"JMID":0,"PopK":{"Keys":[{"ColN":0,"RowN":0,"Func":{"JMID":-2,"SyOu":"002F"}}]},"FTyp":5,"Symb":"002F"},{"JMID":1,"PopK":{"Keys":[{"ColN":0,"RowN":0,"Func":{"JMID":-2,"SyOu":"002F"}}]},"FTyp":5,"Symb":"002F"}]},{"ColN":7,"RowN":4,"FuPr":[{"JMID":2,"SyOu":"0038002D0029"},{"JMID":0,"SyOu":"0038"},{"JMID":1,"SyOu":"0038"}],"FuHo":[{"JMID":0,"PopK":{"Keys":[{"ColN":0,"RowN":0,"Func":{"JMID":-2,"SyOu":"0028"}}]},"FTyp":5,"Symb":"0028"},{"JMID":1,"PopK":{"Keys":[{"ColN":0,"RowN":0,"Func":{"JMID":-2,"SyOu":"0028"}}]},"FTyp":5,"Symb":"0028"}]},{"ColN":8,"RowN":4,"FuPr":[{"JMID":2,"SyOu":"003A002D0058"},{"JMID":0,"SyOu":"0039"},{"JMID":1,"SyOu":"0039"}],"FuHo":[{"JMID":0,"PopK":{"Keys":[{"ColN":0,"RowN":0,"Func":{"JMID":-2,"SyOu":"0029"}}]},"FTyp":5,"Symb":"0029"},{"JMID":1,"PopK":{"Keys":[{"ColN":0,"RowN":0,"Func":{"JMID":-2,"SyOu":"0029"}}]},"FTyp":5,"Symb":"0029"}],"FuDo":[{"JMID":2,"FTyp":9,"Symb":"21B6"},{"JMID":0,"FTyp":9,"Symb":"21B6"},{"JMID":1,"FTyp":9,"Symb":"21B6"}]},{"ColN":9,"RowN":4,"FuPr":[{"JMID":2,"SyOu":"003A002D002A"},{"JMID":0,"SyOu":"0030"},{"JMID":1,"SyOu":"0030"}],"FuHo":[{"JMID":0,"PopK":{"Keys":[{"ColN":0,"RowN":0,"Func":{"JMID":-2,"SyOu":"003D"}}]},"FTyp":5,"Symb":"003D"},{"JMID":1,"PopK":{"Keys":[{"ColN":0,"RowN":0,"Func":{"JMID":-2,"SyOu":"003D"}}]},"FTyp":5,"Symb":"003D"}],"FuDo":[{"JMID":2,"FTyp":10,"Symb":"21B7"},{"JMID":0,"FTyp":10,"Symb":"21B7"},{"JMID":1,"FTyp":10,"Symb":"21B7"}]}]},{"Name":"Simple","Type":0,"ID":"ff029985-9a57-4e1c-998a-60c0ea14ae8a","JDID":1,"Rows":3,"BSpa":90,"HiPo":30,"HiLa":35,"STPe":100,"STTi":250,"DHol":0,"FoSi":25,"KWPe":2,"CoBa":"#BBDEFB","CoPo":"#A7CAE7","CoUn":"#F44336","KSKe":{"Back":"#E3F2FD","Fore":"#795548","SubF":"#B59184"},"KSPo":{"Back":"#CFDEE9","Fore":"#654134","SubF":"#A17D70"},"KSMa":{"Back":"#FFBFB3","Fore":"#141432","SubF":"#141432"},"Magn":{"Heig":75,"WiCh":40,"WiCu":25,"WiBo":8,"FoSi":150,"Usag":0,"CuCu":"#DC0A28","FChU":2,"FChD":1,"FCuU":3,"FCuD":3,"SChU":"21F5","SChD":"2327","SCuU":"21F5","SCuD":"2327","OCuU":"002E","OCuD":"0020"},"WoBa":{"Posi":0,"Heig":100,"FoSi":100,"SeWi":100,"LaSi":100,"TeNO":"#FF4444","TeMi":"#4444FF","LaOK":"#44FF44","LaNO":"#FF4444","LaTe":"#FFFFFF","AKLa":{"PRNO":{"Type":2}},"AKSu":{"PROK":{"Type":5},"PRNO":{"Type":5},"HOOK":{"Type":3},"HONO":{"Type":3},"DOOK":{"Type":4},"DONO":{"Type":4}},"AKCu":{"Keys":[]},"Sett":"0|0|1|1|1"},"EmSe":{"CoCB":{"CoCo":"#FFFFFF"},"AcWi":75,"FHSi":110,"SkSe":true},"Modes":[{"Name":"Default","JMID":0},{"Name":"Special characters","JMID":1}],"Keys":[{"ColN":0,"RowN":0,"Widt":50,"Heig":60,"FuPr":[{"JMID":0,"FTyp":2,"Symb":"2328","TMod":"6925a7e8-4774-4d4c-a090-6cd9dd4a0285","TJMI":0,"TDes":"5fb1b0fb-7098-4fdb-bd45-4c15f5bb4731","TJDI":0,"IsRe":false},{"JMID":1,"FTyp":2,"Symb":"2328","TMod":"6925a7e8-4774-4d4c-a090-6cd9dd4a0285","TJMI":0,"TDes":"5fb1b0fb-7098-4fdb-bd45-4c15f5bb4731","TJDI":0,"IsRe":false}]},{"ColN":1,"RowN":0,"Heig":60,"FuPr":[{"JMID":0,"FTyp":2,"Symb":"00230021003D","TMod":"a7177102-1f17-47c0-af33-6c3c06e97b84","TJMI":1,"TDes":"ff029985-9a57-4e1c-998a-60c0ea14ae8a","TJDI":1,"IsRe":false},{"JMID":1,"FTyp":2,"Symb":"006100620063","TMod":"d8654a09-b2f6-43cb-9c62-9abf3050531a","TJMI":0,"TDes":"ff029985-9a57-4e1c-998a-60c0ea14ae8a","TJDI":1,"IsRe":false}]},{"ColN":2,"RowN":0,"Heig":60,"FuPr":[{"JMID":0,"SAsO":false,"Symb":"2423","Outp":"0020"},{"JMID":1,"SAsO":false,"Symb":"2423","Outp":"0020"}]},{"ColN":3,"RowN":0,"Heig":60,"FuPr":[{"JMID":0,"FTyp":4,"Symb":"232B","ODel":0},{"JMID":1,"FTyp":4,"Symb":"2326","ODel":1}],"FuHo":[{"JMID":0,"FTyp":4,"Symb":"232B","ODel":0,"ReFT":500,"RePe":150},{"JMID":1,"FTyp":4,"Symb":"232B","ODel":0,"ReFT":500,"RePe":150}]},{"ColN":4,"RowN":0,"Heig":60,"FuPr":[{"JMID":0,"FTyp":16,"Symb":"004F004B","SyNe":"21D2","SyLi":"23CE","SySa":"2315","SySe":"21F0"},{"JMID":1,"FTyp":16,"Symb":"004F004B","SyNe":"21D2","SyLi":"23CE","SySa":"2315","SySe":"21F0"}]},{"ColN":0,"RowN":1,"FuPr":[{"JMID":0,"PopK":{"Rows":3,"Keys":[{"ColN":0,"RowN":0,"Func":{"JMID":-2,"SyOu":"0061"}},{"ColN":1,"RowN":0,"Func":{"JMID":-2,"SyOu":"0062"}},{"ColN":2,"RowN":0,"Func":{"JMID":-2,"SyOu":"0063"}},{"ColN":0,"RowN":1,"Func":{"JMID":-2,"SyOu":"0064"}},{"ColN":1,"RowN":1,"Func":{"JMID":-2,"SyOu":"0065"}},{"ColN":2,"RowN":1,"Func":{"JMID":-2,"SyOu":"0066"}},{"ColN":0,"RowN":2,"Func":{"JMID":-2,"SyOu":"0067"}},{"ColN":1,"RowN":2,"Func":{"JMID":-2,"SyOu":"0068"}},{"ColN":2,"RowN":2,"Func":{"JMID":-2,"SyOu":"0069"}}]},"FTyp":5,"Symb":"00610020006200200063000A00640020006500200066000A00670020006800200069"},{"JMID":1,"FTyp":0,"Symb":"003C0020003E0020002800200029000A005B0020005D0020007B0020007D000A00A700200025002000260020007C"}],"FuHo":[{"JMID":0,"PopK":{"Rows":3,"RPos":1,"Keys":[{"ColN":0,"RowN":0,"Func":{"JMID":-2,"SyOu":"0061"}},{"ColN":1,"RowN":0,"Func":{"JMID":-2,"SyOu":"0062"}},{"ColN":2,"RowN":0,"Func":{"JMID":-2,"SyOu":"0063"}},{"ColN":0,"RowN":1,"Func":{"JMID":-2,"SyOu":"0064"}},{"ColN":1,"RowN":1,"Func":{"JMID":-2,"SyOu":"0065"}},{"ColN":2,"RowN":1,"Func":{"JMID":-2,"SyOu":"0066"}},{"ColN":0,"RowN":2,"Func":{"JMID":-2,"SyOu":"0067"}},{"ColN":1,"RowN":2,"Func":{"JMID":-2,"SyOu":"0068"}},{"ColN":2,"RowN":2,"Func":{"JMID":-2,"SyOu":"0069"}}]},"FTyp":5},{"JMID":1,"PopK":{"Rows":3,"RPos":1,"Keys":[{"ColN":0,"RowN":0,"Func":{"JMID":-2,"SyOu":"003C"}},{"ColN":1,"RowN":0,"Func":{"JMID":-2,"SyOu":"003E"}},{"ColN":2,"RowN":0,"Func":{"JMID":-2,"SyOu":"0028"}},{"ColN":3,"RowN":0,"Func":{"JMID":-2,"SyOu":"0029"}},{"ColN":0,"RowN":1,"Func":{"JMID":-2,"SyOu":"005B"}},{"ColN":1,"RowN":1,"Func":{"JMID":-2,"SyOu":"005D"}},{"ColN":2,"RowN":1,"Func":{"JMID":-2,"SyOu":"007B"}},{"ColN":3,"RowN":1,"Func":{"JMID":-2,"SyOu":"007D"}},{"ColN":0,"RowN":2,"Func":{"JMID":-2,"SyOu":"00A7"}},{"ColN":1,"RowN":2,"Func":{"JMID":-2,"SyOu":"0025"}},{"ColN":2,"RowN":2,"Func":{"JMID":-2,"SyOu":"0026"}},{"ColN":3,"RowN":2,"Func":{"JMID":-2,"SyOu":"007C"}}]},"FTyp":5}]},{"ColN":1,"RowN":1,"FuPr":[{"JMID":0,"PopK":{"Rows":3,"Keys":[{"ColN":0,"RowN":0,"Func":{"JMID":-2,"SyOu":"006A"}},{"ColN":1,"RowN":0,"Func":{"JMID":-2,"SyOu":"006B"}},{"ColN":2,"RowN":0,"Func":{"JMID":-2,"SyOu":"006C"}},{"ColN":0,"RowN":1,"Func":{"JMID":-2,"SyOu":"006D"}},{"ColN":1,"RowN":1,"Func":{"JMID":-2,"SyOu":"006E"}},{"ColN":2,"RowN":1,"Func":{"JMID":-2,"SyOu":"006F"}},{"ColN":0,"RowN":2,"Func":{"JMID":-2,"SyOu":"0070"}},{"ColN":1,"RowN":2,"Func":{"JMID":-2,"SyOu":"0071"}},{"ColN":2,"RowN":2,"Func":{"JMID":-2,"SyOu":"0072"}}]},"FTyp":5,"Symb":"006A0020006B0020006C000A006D0020006E0020006F000A00700020007100200072"},{"JMID":1,"FTyp":0,"Symb":"002A00200023002000270020002D000A005F002000B2002000B30020005E000A007C002000B50020007E002000B4"}],"FuHo":[{"JMID":0,"PopK":{"Rows":3,"RPos":1,"Keys":[{"ColN":0,"RowN":0,"Func":{"JMID":-2,"SyOu":"006A"}},{"ColN":1,"RowN":0,"Func":{"JMID":-2,"SyOu":"006B"}},{"ColN":2,"RowN":0,"Func":{"JMID":-2,"SyOu":"006C"}},{"ColN":0,"RowN":1,"Func":{"JMID":-2,"SyOu":"006D"}},{"ColN":1,"RowN":1,"Func":{"JMID":-2,"SyOu":"006E"}},{"ColN":2,"RowN":1,"Func":{"JMID":-2,"SyOu":"006F"}},{"ColN":0,"RowN":2,"Func":{"JMID":-2,"SyOu":"0070"}},{"ColN":1,"RowN":2,"Func":{"JMID":-2,"SyOu":"0071"}},{"ColN":2,"RowN":2,"Func":{"JMID":-2,"SyOu":"0072"}}]},"FTyp":5},{"JMID":1,"PopK":{"Rows":3,"RPos":1,"Keys":[{"ColN":0,"RowN":0,"Func":{"JMID":-2,"SyOu":"002A"}},{"ColN":1,"RowN":0,"Func":{"JMID":-2,"SyOu":"0023"}},{"ColN":2,"RowN":0,"Func":{"JMID":-2,"SyOu":"0027"}},{"ColN":3,"RowN":0,"Func":{"JMID":-2,"SyOu":"002D"}},{"ColN":0,"RowN":1,"Func":{"JMID":-2,"SyOu":"005F"}},{"ColN":1,"RowN":1,"Func":{"JMID":-2,"SyOu":"00B2"}},{"ColN":2,"RowN":1,"Func":{"JMID":-2,"SyOu":"00B3"}},{"ColN":3,"RowN":1,"Func":{"JMID":-2,"SyOu":"005E"}},{"ColN":0,"RowN":2,"Func":{"JMID":-2,"SyOu":"007C"}},{"ColN":1,"RowN":2,"Func":{"JMID":-2,"SyOu":"00B5"}},{"ColN":2,"RowN":2,"Func":{"JMID":-2,"SyOu":"007E"}},{"ColN":3,"RowN":2,"Func":{"JMID":-2,"SyOu":"00B4"}}]},"FTyp":5}]},{"ColN":2,"RowN":1,"FuPr":[{"JMID":0,"PopK":{"Rows":3,"Keys":[{"ColN":0,"RowN":0,"Func":{"JMID":-2,"SyOu":"0073"}},{"ColN":1,"RowN":0,"Func":{"JMID":-2,"SyOu":"0074"}},{"ColN":2,"RowN":0,"Func":{"JMID":-2,"SyOu":"0075"}},{"ColN":0,"RowN":1,"Func":{"JMID":-2,"SyOu":"0076"}},{"ColN":1,"RowN":1,"Func":{"JMID":-2,"SyOu":"0077"}},{"ColN":2,"RowN":1,"Func":{"JMID":-2,"SyOu":"0078"}},{"ColN":0,"RowN":2,"Func":{"JMID":-2,"SyOu":"0079"}},{"ColN":1,"RowN":2,"Func":{"JMID":-2,"SyOu":"007A"}}]},"FTyp":5,"Symb":"00730020007400200075000A00760020007700200078000A00790020007A"},{"JMID":1,"FTyp":0,"Symb":"0040002000B0002020AC00200024000A002B0020002D0020002F0020005C000A007400680078"}],"FuHo":[{"JMID":0,"PopK":{"Rows":3,"RPos":1,"Keys":[{"ColN":0,"RowN":0,"Func":{"JMID":-2,"SyOu":"0073"}},{"ColN":1,"RowN":0,"Func":{"JMID":-2,"SyOu":"0074"}},{"ColN":2,"RowN":0,"Func":{"JMID":-2,"SyOu":"0075"}},{"ColN":0,"RowN":1,"Func":{"JMID":-2,"SyOu":"0076"}},{"ColN":1,"RowN":1,"Func":{"JMID":-2,"SyOu":"0077"}},{"ColN":2,"RowN":1,"Func":{"JMID":-2,"SyOu":"0078"}},{"ColN":0,"RowN":2,"Func":{"JMID":-2,"SyOu":"0079"}},{"ColN":1,"RowN":2,"Func":{"JMID":-2,"SyOu":"007A"}}]},"FTyp":5},{"JMID":1,"PopK":{"Rows":3,"RPos":1,"Keys":[{"ColN":0,"RowN":0,"Func":{"JMID":-2,"SyOu":"0040"}},{"ColN":1,"RowN":0,"Func":{"JMID":-2,"SyOu":"00B0"}},{"ColN":2,"RowN":0,"Func":{"JMID":-2,"SyOu":"20AC"}},{"ColN":3,"RowN":0,"Func":{"JMID":-2,"SyOu":"0024"}},{"ColN":0,"RowN":1,"Func":{"JMID":-2,"SyOu":"002B"}},{"ColN":1,"RowN":1,"Func":{"JMID":-2,"SyOu":"002D"}},{"ColN":2,"RowN":1,"Func":{"JMID":-2,"SyOu":"002F"}},{"ColN":3,"RowN":1,"Func":{"JMID":-2,"SyOu":"005C"}},{"ColN":0,"RowN":2,"Func":{"JMID":-2,"SyOu":"007400680078"}}]},"FTyp":5}]},{"ColN":3,"RowN":1,"FuPr":[{"JMID":0,"PopK":{"Rows":3,"Keys":[{"ColN":0,"RowN":0,"Func":{"JMID":-2,"SyOu":"002E"}},{"ColN":1,"RowN":0,"Func":{"JMID":-2,"SyOu":"002C"}},{"ColN":2,"RowN":0,"Func":{"JMID":-2,"SyOu":"0021"}},{"ColN":3,"RowN":0,"Func":{"JMID":-2,"SyOu":"003F"}},{"ColN":0,"RowN":1,"Func":{"JMID":-2,"SyOu":"003A"}},{"ColN":1,"RowN":1,"Func":{"JMID":-2,"SyOu":"003B"}},{"ColN":2,"RowN":1,"Func":{"JMID":-2,"SyOu":"0028"}},{"ColN":3,"RowN":1,"Func":{"JMID":-2,"SyOu":"0029"}},{"ColN":0,"RowN":2,"Func":{"JMID":-2,"SyOu":"003D"}},{"ColN":1,"RowN":2,"Func":{"JMID":-2,"SyOu":"0040"}},{"ColN":2,"RowN":2,"Func":{"JMID":-2,"SyOu":"002F"}},{"ColN":3,"RowN":2,"Func":{"JMID":-2,"SyOu":"0022"}}]},"FTyp":5,"Symb":"002E0020002C002000210020003F000A003A0020003B0020002800200029000A003D002000400020002F00200022"},{"JMID":1,"PopK":{"Rows":3,"Keys":[{"ColN":0,"RowN":0,"Func":{"JMID":-2,"SyOu":"002E"}},{"ColN":1,"RowN":0,"Func":{"JMID":-2,"SyOu":"002C"}},{"ColN":2,"RowN":0,"Func":{"JMID":-2,"SyOu":"0021"}},{"ColN":3,"RowN":0,"Func":{"JMID":-2,"SyOu":"003F"}},{"ColN":0,"RowN":1,"Func":{"JMID":-2,"SyOu":"003A"}},{"ColN":1,"RowN":1,"Func":{"JMID":-2,"SyOu":"003B"}},{"ColN":2,"RowN":1,"Func":{"JMID":-2,"SyOu":"0028"}},{"ColN":3,"RowN":1,"Func":{"JMID":-2,"SyOu":"0029"}},{"ColN":0,"RowN":2,"Func":{"JMID":-2,"SyOu":"003D"}},{"ColN":1,"RowN":2,"Func":{"JMID":-2,"SyOu":"0040"}},{"ColN":2,"RowN":2,"Func":{"JMID":-2,"SyOu":"002F"}},{"ColN":3,"RowN":2,"Func":{"JMID":-2,"SyOu":"0022"}}]},"FTyp":5,"Symb":"002E0020002C002000210020003F000A003A0020003B0020002800200029000A003D002000400020002F00200022"}],"FuHo":[{"JMID":0,"PopK":{"Rows":3,"RPos":1,"Keys":[{"ColN":0,"RowN":0,"Func":{"JMID":-2,"SyOu":"002E"}},{"ColN":1,"RowN":0,"Func":{"JMID":-2,"SyOu":"002C"}},{"ColN":2,"RowN":0,"Func":{"JMID":-2,"SyOu":"0021"}},{"ColN":3,"RowN":0,"Func":{"JMID":-2,"SyOu":"003F"}},{"ColN":0,"RowN":1,"Func":{"JMID":-2,"SyOu":"003A"}},{"ColN":1,"RowN":1,"Func":{"JMID":-2,"SyOu":"003B"}},{"ColN":2,"RowN":1,"Func":{"JMID":-2,"SyOu":"0028"}},{"ColN":3,"RowN":1,"Func":{"JMID":-2,"SyOu":"0029"}},{"ColN":0,"RowN":2,"Func":{"JMID":-2,"SyOu":"003D"}},{"ColN":1,"RowN":2,"Func":{"JMID":-2,"SyOu":"0040"}},{"ColN":2,"RowN":2,"Func":{"JMID":-2,"SyOu":"002F"}},{"ColN":3,"RowN":2,"Func":{"JMID":-2,"SyOu":"0022"}}]},"FTyp":5},{"JMID":1,"PopK":{"Rows":3,"RPos":1,"Keys":[{"ColN":0,"RowN":0,"Func":{"JMID":-2,"SyOu":"002E"}},{"ColN":1,"RowN":0,"Func":{"JMID":-2,"SyOu":"002C"}},{"ColN":2,"RowN":0,"Func":{"JMID":-2,"SyOu":"0021"}},{"ColN":3,"RowN":0,"Func":{"JMID":-2,"SyOu":"003F"}},{"ColN":0,"RowN":1,"Func":{"JMID":-2,"SyOu":"003A"}},{"ColN":1,"RowN":1,"Func":{"JMID":-2,"SyOu":"003B"}},{"ColN":2,"RowN":1,"Func":{"JMID":-2,"SyOu":"0028"}},{"ColN":3,"RowN":1,"Func":{"JMID":-2,"SyOu":"0029"}},{"ColN":0,"RowN":2,"Func":{"JMID":-2,"SyOu":"003D"}},{"ColN":1,"RowN":2,"Func":{"JMID":-2,"SyOu":"0040"}},{"ColN":2,"RowN":2,"Func":{"JMID":-2,"SyOu":"002F"}},{"ColN":3,"RowN":2,"Func":{"JMID":-2,"SyOu":"0022"}}]},"FTyp":5}]},{"ColN":0,"RowN":2,"FuPr":[{"JMID":0,"PopK":{"Rows":3,"Keys":[{"ColN":0,"RowN":0,"Func":{"JMID":-2,"SyOu":"0041"}},{"ColN":1,"RowN":0,"Func":{"JMID":-2,"SyOu":"0042"}},{"ColN":2,"RowN":0,"Func":{"JMID":-2,"SyOu":"0043"}},{"ColN":0,"RowN":1,"Func":{"JMID":-2,"SyOu":"0044"}},{"ColN":1,"RowN":1,"Func":{"JMID":-2,"SyOu":"0045"}},{"ColN":2,"RowN":1,"Func":{"JMID":-2,"SyOu":"0046"}},{"ColN":0,"RowN":2,"Func":{"JMID":-2,"SyOu":"0047"}},{"ColN":1,"RowN":2,"Func":{"JMID":-2,"SyOu":"0048"}},{"ColN":2,"RowN":2,"Func":{"JMID":-2,"SyOu":"0049"}}]},"FTyp":5,"Symb":"00410020004200200043000A00440020004500200046000A00470020004800200049"},{"JMID":1,"PopK":{"Rows":3,"Keys":[{"ColN":0,"RowN":0,"Func":{"JMID":-2,"SyOu":"D83DDE00"}},{"ColN":1,"RowN":0,"Func":{"JMID":-2,"SyOu":"D83DDE01"}},{"ColN":2,"RowN":0,"Func":{"JMID":-2,"SyOu":"D83DDE02"}},{"ColN":3,"RowN":0,"Func":{"JMID":-2,"SyOu":"D83DDE03"}},{"ColN":0,"RowN":1,"Func":{"JMID":-2,"SyOu":"D83DDE04"}},{"ColN":1,"RowN":1,"Func":{"JMID":-2,"SyOu":"D83DDE05"}},{"ColN":2,"RowN":1,"Func":{"JMID":-2,"SyOu":"D83DDE06"}},{"ColN":3,"RowN":1,"Func":{"JMID":-2,"SyOu":"D83DDE07"}},{"ColN":0,"RowN":2,"Func":{"JMID":-2,"SyOu":"D83DDE08"}},{"ColN":1,"RowN":2,"Func":{"JMID":-2,"SyOu":"D83DDE09"}},{"ColN":2,"RowN":2,"Func":{"JMID":-2,"SyOu":"D83DDE0A"}},{"ColN":3,"RowN":2,"Func":{"JMID":-2,"SyOu":"D83DDE0B"}}]},"FTyp":5,"Symb":"D83DDE000020D83DDE010020D83DDE020020D83DDE03000AD83DDE040020D83DDE050020D83DDE060020D83DDE07000AD83DDE080020D83DDE090020D83DDE0A0020D83DDE0B","SiMu":90}],"FuHo":[{"JMID":0,"PopK":{"Rows":3,"RPos":1,"Keys":[{"ColN":0,"RowN":0,"Func":{"JMID":-2,"SyOu":"0041"}},{"ColN":1,"RowN":0,"Func":{"JMID":-2,"SyOu":"0042"}},{"ColN":2,"RowN":0,"Func":{"JMID":-2,"SyOu":"0043"}},{"ColN":0,"RowN":1,"Func":{"JMID":-2,"SyOu":"0044"}},{"ColN":1,"RowN":1,"Func":{"JMID":-2,"SyOu":"0045"}},{"ColN":2,"RowN":1,"Func":{"JMID":-2,"SyOu":"0046"}},{"ColN":0,"RowN":2,"Func":{"JMID":-2,"SyOu":"0047"}},{"ColN":1,"RowN":2,"Func":{"JMID":-2,"SyOu":"0048"}},{"ColN":2,"RowN":2,"Func":{"JMID":-2,"SyOu":"0049"}}]},"FTyp":5},{"JMID":1,"PopK":{"Rows":3,"RPos":1,"Keys":[{"ColN":0,"RowN":0,"Func":{"JMID":-2,"SyOu":"D83DDE00"}},{"ColN":1,"RowN":0,"Func":{"JMID":-2,"SyOu":"D83DDE01"}},{"ColN":2,"RowN":0,"Func":{"JMID":-2,"SyOu":"D83DDE02"}},{"ColN":3,"RowN":0,"Func":{"JMID":-2,"SyOu":"D83DDE03"}},{"ColN":0,"RowN":1,"Func":{"JMID":-2,"SyOu":"D83DDE04"}},{"ColN":1,"RowN":1,"Func":{"JMID":-2,"SyOu":"D83DDE05"}},{"ColN":2,"RowN":1,"Func":{"JMID":-2,"SyOu":"D83DDE06"}},{"ColN":3,"RowN":1,"Func":{"JMID":-2,"SyOu":"D83DDE07"}},{"ColN":0,"RowN":2,"Func":{"JMID":-2,"SyOu":"D83DDE08"}},{"ColN":1,"RowN":2,"Func":{"JMID":-2,"SyOu":"D83DDE09"}},{"ColN":2,"RowN":2,"Func":{"JMID":-2,"SyOu":"D83DDE0A"}},{"ColN":3,"RowN":2,"Func":{"JMID":-2,"SyOu":"D83DDE0B"}}]},"FTyp":5}]},{"ColN":1,"RowN":2,"FuPr":[{"JMID":0,"PopK":{"Rows":3,"Keys":[{"ColN":0,"RowN":0,"Func":{"JMID":-2,"SyOu":"004A"}},{"ColN":1,"RowN":0,"Func":{"JMID":-2,"SyOu":"004B"}},{"ColN":2,"RowN":0,"Func":{"JMID":-2,"SyOu":"004C"}},{"ColN":0,"RowN":1,"Func":{"JMID":-2,"SyOu":"004D"}},{"ColN":1,"RowN":1,"Func":{"JMID":-2,"SyOu":"004E"}},{"ColN":2,"RowN":1,"Func":{"JMID":-2,"SyOu":"004F"}},{"ColN":0,"RowN":2,"Func":{"JMID":-2,"SyOu":"0050"}},{"ColN":1,"RowN":2,"Func":{"JMID":-2,"SyOu":"0051"}},{"ColN":2,"RowN":2,"Func":{"JMID":-2,"SyOu":"0052"}}]},"FTyp":5,"Symb":"004A0020004B0020004C000A004D0020004E0020004F000A00500020005100200052"},{"JMID":1,"PopK":{"Rows":3,"Keys":[{"ColN":0,"RowN":0,"Func":{"JMID":-2,"SyOu":"D83DDE0C"}},{"ColN":1,"RowN":0,"Func":{"JMID":-2,"SyOu":"D83DDE0D"}},{"ColN":2,"RowN":0,"Func":{"JMID":-2,"SyOu":"D83DDE0E"}},{"ColN":3,"RowN":0,"Func":{"JMID":-2,"SyOu":"D83DDE10"}},{"ColN":0,"RowN":1,"Func":{"JMID":-2,"SyOu":"D83DDE11"}},{"ColN":1,"RowN":1,"Func":{"JMID":-2,"SyOu":"D83DDE12"}},{"ColN":2,"RowN":1,"Func":{"JMID":-2,"SyOu":"D83DDE13"}},{"ColN":3,"RowN":1,"Func":{"JMID":-2,"SyOu":"D83DDE14"}},{"ColN":0,"RowN":2,"Func":{"JMID":-2,"SyOu":"D83DDE15"}},{"ColN":1,"RowN":2,"Func":{"JMID":-2,"SyOu":"D83DDE16"}},{"ColN":2,"RowN":2,"Func":{"JMID":-2,"SyOu":"D83DDE17"}},{"ColN":3,"RowN":2,"Func":{"JMID":-2,"SyOu":"D83DDE18"}}]},"FTyp":5,"Symb":"D83DDE0C0020D83DDE0D0020D83DDE0E0020D83DDE10000AD83DDE110020D83DDE120020D83DDE130020D83DDE14000AD83DDE150020D83DDE160020D83DDE170020D83DDE18","SiMu":90}],"FuHo":[{"JMID":0,"PopK":{"Rows":3,"RPos":1,"Keys":[{"ColN":0,"RowN":0,"Func":{"JMID":-2,"SyOu":"004A"}},{"ColN":1,"RowN":0,"Func":{"JMID":-2,"SyOu":"004B"}},{"ColN":2,"RowN":0,"Func":{"JMID":-2,"SyOu":"004C"}},{"ColN":0,"RowN":1,"Func":{"JMID":-2,"SyOu":"004D"}},{"ColN":1,"RowN":1,"Func":{"JMID":-2,"SyOu":"004E"}},{"ColN":2,"RowN":1,"Func":{"JMID":-2,"SyOu":"004F"}},{"ColN":0,"RowN":2,"Func":{"JMID":-2,"SyOu":"0050"}},{"ColN":1,"RowN":2,"Func":{"JMID":-2,"SyOu":"0051"}},{"ColN":2,"RowN":2,"Func":{"JMID":-2,"SyOu":"0052"}}]},"FTyp":5},{"JMID":1,"PopK":{"Rows":3,"RPos":1,"Keys":[{"ColN":0,"RowN":0,"Func":{"JMID":-2,"SyOu":"D83DDE0C"}},{"ColN":1,"RowN":0,"Func":{"JMID":-2,"SyOu":"D83DDE0D"}},{"ColN":2,"RowN":0,"Func":{"JMID":-2,"SyOu":"D83DDE0F"}},{"ColN":3,"RowN":0,"Func":{"JMID":-2,"SyOu":"D83DDE10"}},{"ColN":0,"RowN":1,"Func":{"JMID":-2,"SyOu":"D83DDE11"}},{"ColN":1,"RowN":1,"Func":{"JMID":-2,"SyOu":"D83DDE12"}},{"ColN":2,"RowN":1,"Func":{"JMID":-2,"SyOu":"D83DDE13"}},{"ColN":3,"RowN":1,"Func":{"JMID":-2,"SyOu":"D83DDE14"}},{"ColN":0,"RowN":2,"Func":{"JMID":-2,"SyOu":"D83DDE15"}},{"ColN":1,"RowN":2,"Func":{"JMID":-2,"SyOu":"D83DDE16"}},{"ColN":2,"RowN":2,"Func":{"JMID":-2,"SyOu":"D83DDE17"}},{"ColN":3,"RowN":2,"Func":{"JMID":-2,"SyOu":"D83DDE18"}}]},"FTyp":5}]},{"ColN":2,"RowN":2,"FuPr":[{"JMID":0,"PopK":{"Rows":3,"Keys":[{"ColN":0,"RowN":0,"Func":{"JMID":-2,"SyOu":"0053"}},{"ColN":1,"RowN":0,"Func":{"JMID":-2,"SyOu":"0054"}},{"ColN":2,"RowN":0,"Func":{"JMID":-2,"SyOu":"0055"}},{"ColN":0,"RowN":1,"Func":{"JMID":-2,"SyOu":"0056"}},{"ColN":1,"RowN":1,"Func":{"JMID":-2,"SyOu":"0057"}},{"ColN":2,"RowN":1,"Func":{"JMID":-2,"SyOu":"0058"}},{"ColN":0,"RowN":2,"Func":{"JMID":-2,"SyOu":"0059"}},{"ColN":1,"RowN":2,"Func":{"JMID":-2,"SyOu":"005A"}}]},"FTyp":5,"Symb":"00530020005400200055000A00560020005700200058000A00590020005A"},{"JMID":1,"PopK":{"Rows":3,"Keys":[{"ColN":0,"RowN":0,"Func":{"JMID":-2,"SyOu":"D83DDE19"}},{"ColN":1,"RowN":0,"Func":{"JMID":-2,"SyOu":"D83DDE1A"}},{"ColN":2,"RowN":0,"Func":{"JMID":-2,"SyOu":"D83DDE1B"}},{"ColN":3,"RowN":0,"Func":{"JMID":-2,"SyOu":"D83DDE1C"}},{"ColN":0,"RowN":1,"Func":{"JMID":-2,"SyOu":"D83DDE1D"}},{"ColN":1,"RowN":1,"Func":{"JMID":-2,"SyOu":"D83DDE1E"}},{"ColN":2,"RowN":1,"Func":{"JMID":-2,"SyOu":"D83DDE1F"}},{"ColN":3,"RowN":1,"Func":{"JMID":-2,"SyOu":"D83DDE20"}},{"ColN":0,"RowN":2,"Func":{"JMID":-2,"SyOu":"D83DDE21"}},{"ColN":1,"RowN":2,"Func":{"JMID":-2,"SyOu":"D83DDE22"}},{"ColN":2,"RowN":2,"Func":{"JMID":-2,"SyOu":"D83DDE23"}},{"ColN":3,"RowN":2,"Func":{"JMID":-2,"SyOu":"D83DDE24"}}]},"FTyp":5,"Symb":"D83DDE190020D83DDE1A0020D83DDE1B0020D83DDE1C000AD83DDE1D0020D83DDE1E0020D83DDE1F0020D83DDE20000AD83DDE210020D83DDE220020D83DDE230020D83DDE24","SiMu":90}],"FuHo":[{"JMID":0,"PopK":{"Rows":3,"RPos":1,"Keys":[{"ColN":0,"RowN":0,"Func":{"JMID":-2,"SyOu":"0053"}},{"ColN":1,"RowN":0,"Func":{"JMID":-2,"SyOu":"0054"}},{"ColN":2,"RowN":0,"Func":{"JMID":-2,"SyOu":"0055"}},{"ColN":0,"RowN":1,"Func":{"JMID":-2,"SyOu":"0056"}},{"ColN":1,"RowN":1,"Func":{"JMID":-2,"SyOu":"0057"}},{"ColN":2,"RowN":1,"Func":{"JMID":-2,"SyOu":"0058"}},{"ColN":0,"RowN":2,"Func":{"JMID":-2,"SyOu":"0059"}},{"ColN":1,"RowN":2,"Func":{"JMID":-2,"SyOu":"005A"}}]},"FTyp":5},{"JMID":1,"PopK":{"Rows":3,"RPos":1,"Keys":[{"ColN":0,"RowN":0,"Func":{"JMID":-2,"SyOu":"D83DDE19"}},{"ColN":1,"RowN":0,"Func":{"JMID":-2,"SyOu":"D83DDE1A"}},{"ColN":2,"RowN":0,"Func":{"JMID":-2,"SyOu":"D83DDE1B"}},{"ColN":3,"RowN":0,"Func":{"JMID":-2,"SyOu":"D83DDE1C"}},{"ColN":0,"RowN":1,"Func":{"JMID":-2,"SyOu":"D83DDE1D"}},{"ColN":1,"RowN":1,"Func":{"JMID":-2,"SyOu":"D83DDE1E"}},{"ColN":2,"RowN":1,"Func":{"JMID":-2,"SyOu":"D83DDE1F"}},{"ColN":3,"RowN":1,"Func":{"JMID":-2,"SyOu":"D83DDE20"}},{"ColN":0,"RowN":2,"Func":{"JMID":-2,"SyOu":"D83DDE21"}},{"ColN":1,"RowN":2,"Func":{"JMID":-2,"SyOu":"D83DDE22"}},{"ColN":2,"RowN":2,"Func":{"JMID":-2,"SyOu":"D83DDE23"}},{"ColN":3,"RowN":2,"Func":{"JMID":-2,"SyOu":"D83DDE24"}}]},"FTyp":5}]},{"ColN":3,"RowN":2,"FuPr":[{"JMID":0,"PopK":{"Rows":3,"Keys":[{"ColN":0,"RowN":0,"Func":{"JMID":-2,"SyOu":"0031"}},{"ColN":1,"RowN":0,"Func":{"JMID":-2,"SyOu":"0032"}},{"ColN":2,"RowN":0,"Func":{"JMID":-2,"SyOu":"0033"}},{"ColN":3,"RowN":0,"Func":{"JMID":-2,"SyOu":"0034"}},{"ColN":0,"RowN":1,"Func":{"JMID":-2,"SyOu":"0035"}},{"ColN":1,"RowN":1,"Func":{"JMID":-2,"SyOu":"0036"}},{"ColN":2,"RowN":1,"Func":{"JMID":-2,"SyOu":"0037"}},{"ColN":3,"RowN":1,"Func":{"JMID":-2,"SyOu":"0038"}},{"ColN":0,"RowN":2,"Func":{"JMID":-2,"SyOu":"0039"}},{"ColN":1,"RowN":2,"Func":{"JMID":-2,"SyOu":"0030"}},{"ColN":2,"RowN":2,"Func":{"JMID":-2,"SyOu":"002B"}},{"ColN":3,"RowN":2,"Func":{"JMID":-2,"SyOu":"002D"}}]},"FTyp":5,"Symb":"0031002000320020003300200034000A0035002000360020003700200038000A0039002000300020002B0020002D"},{"JMID":1,"PopK":{"Rows":3,"Keys":[{"ColN":0,"RowN":0,"Func":{"JMID":-2,"SyOu":"D83DDE25"}},{"ColN":1,"RowN":0,"Func":{"JMID":-2,"SyOu":"D83DDE26"}},{"ColN":2,"RowN":0,"Func":{"JMID":-2,"SyOu":"D83DDE27"}},{"ColN":3,"RowN":0,"Func":{"JMID":-2,"SyOu":"D83DDE28"}},{"ColN":0,"RowN":1,"Func":{"JMID":-2,"SyOu":"D83DDE29"}},{"ColN":1,"RowN":1,"Func":{"JMID":-2,"SyOu":"D83DDE2A"}},{"ColN":2,"RowN":1,"Func":{"JMID":-2,"SyOu":"D83DDE2B"}},{"ColN":3,"RowN":1,"Func":{"JMID":-2,"SyOu":"D83DDE2C"}},{"ColN":0,"RowN":2,"Func":{"JMID":-2,"SyOu":"D83DDE2D"}},{"ColN":1,"RowN":2,"Func":{"JMID":-2,"SyOu":"D83DDE2E"}},{"ColN":2,"RowN":2,"Func":{"JMID":-2,"SyOu":"D83DDE2F"}},{"ColN":3,"RowN":2,"Func":{"JMID":-2,"SyOu":"D83DDE30"}}]},"FTyp":5,"Symb":"D83DDE250020D83DDE260020D83DDE270020D83DDE28000AD83DDE290020D83DDE2A0020D83DDE2B0020D83DDE2C000AD83DDE2D0020D83DDE2E0020D83DDE2F0020D83DDE30","SiMu":90}],"FuHo":[{"JMID":0,"PopK":{"Rows":3,"RPos":1,"Keys":[{"ColN":0,"RowN":0,"Func":{"JMID":-2,"SyOu":"0031"}},{"ColN":1,"RowN":0,"Func":{"JMID":-2,"SyOu":"0032"}},{"ColN":2,"RowN":0,"Func":{"JMID":-2,"SyOu":"0033"}},{"ColN":3,"RowN":0,"Func":{"JMID":-2,"SyOu":"0034"}},{"ColN":0,"RowN":1,"Func":{"JMID":-2,"SyOu":"0035"}},{"ColN":1,"RowN":1,"Func":{"JMID":-2,"SyOu":"0036"}},{"ColN":2,"RowN":1,"Func":{"JMID":-2,"SyOu":"0037"}},{"ColN":3,"RowN":1,"Func":{"JMID":-2,"SyOu":"0038"}},{"ColN":0,"RowN":2,"Func":{"JMID":-2,"SyOu":"0039"}},{"ColN":1,"RowN":2,"Func":{"JMID":-2,"SyOu":"0030"}},{"ColN":2,"RowN":2,"Func":{"JMID":-2,"SyOu":"002B"}},{"ColN":3,"RowN":2,"Func":{"JMID":-2,"SyOu":"002D"}}]},"FTyp":5},{"JMID":1,"PopK":{"Rows":3,"RPos":1,"Keys":[{"ColN":0,"RowN":0,"Func":{"JMID":-2,"SyOu":"D83DDE25"}},{"ColN":1,"RowN":0,"Func":{"JMID":-2,"SyOu":"D83DDE26"}},{"ColN":2,"RowN":0,"Func":{"JMID":-2,"SyOu":"D83DDE27"}},{"ColN":3,"RowN":0,"Func":{"JMID":-2,"SyOu":"D83DDE28"}},{"ColN":0,"RowN":1,"Func":{"JMID":-2,"SyOu":"D83DDE29"}},{"ColN":1,"RowN":1,"Func":{"JMID":-2,"SyOu":"D83DDE2A"}},{"ColN":2,"RowN":1,"Func":{"JMID":-2,"SyOu":"D83DDE2B"}},{"ColN":3,"RowN":1,"Func":{"JMID":-2,"SyOu":"D83DDE2C"}},{"ColN":0,"RowN":2,"Func":{"JMID":-2,"SyOu":"D83DDE2D"}},{"ColN":1,"RowN":2,"Func":{"JMID":-2,"SyOu":"D83DDE2E"}},{"ColN":2,"RowN":2,"Func":{"JMID":-2,"SyOu":"D83DDE2F"}},{"ColN":3,"RowN":2,"Func":{"JMID":-2,"SyOu":"D83DDE30"}}]},"FTyp":5}]}]},{"Name":"Emojis","Type":0,"ID":"a0c06905-5916-4324-82b5-b4098b993ad6","JDID":2,"Rows":5,"BSpa":80,"HiPo":30,"HiLa":35,"STPe":100,"STTi":250,"DHol":210,"FoSi":50,"KWPe":2,"CoBa":"#BBDEFB","CoPo":"#A7CAE7","CoUn":"#F44336","KSKe":{"Back":"#E3F2FD","Fore":"#795548","SubF":"#B59184"},"KSPo":{"Back":"#CFDEE9","Fore":"#654134","SubF":"#A17D70"},"KSMa":{"Back":"#FFBFB3","Fore":"#141432","SubF":"#141432"},"Magn":{"Heig":100,"WiCh":100,"WiCu":50,"WiBo":8,"FoSi":100,"Usag":2,"CuCu":"#DC0A28","FChU":2,"FChD":1,"FCuU":3,"FCuD":3,"SChU":"21F5","SChD":"2327","SCuU":"21F5","SCuD":"2327","OCuU":"002E","OCuD":"0020"},"WoBa":{"Posi":0,"Heig":100,"FoSi":100,"SeWi":100,"LaSi":100,"TeNO":"#FF4444","TeMi":"#4444FF","LaOK":"#44FF44","LaNO":"#FF4444","LaTe":"#FFFFFF","AKLa":{"PRNO":{"Type":2}},"AKSu":{"PROK":{"Type":5},"PRNO":{"Type":5},"HOOK":{"Type":3},"HONO":{"Type":3},"DOOK":{"Type":4},"DONO":{"Type":4}},"AKCu":{"Keys":[]},"Sett":"0|0|1|1|1"},"EmSe":{"CoCB":{"CoCo":"#FFFFFF"},"AcWi":75,"FHSi":110,"SkSe":true},"Modes":[{"Name":"Default","JMID":0},{"Name":"Emojis 2","JMID":1},{"Name":"Emojis 3","JMID":2},{"Name":"Emojis 4","JMID":3},{"Name":"Emojis 5","JMID":4}],"Keys":[{"ColN":0,"RowN":0,"Widt":150,"FuPr":[{"JMID":4,"FTyp":2,"Symb":"006100620063","TMod":"6925a7e8-4774-4d4c-a090-6cd9dd4a0285","TJMI":0,"TDes":"5fb1b0fb-7098-4fdb-bd45-4c15f5bb4731","TJDI":0,"IsRe":false},{"JMID":0,"FTyp":2,"Symb":"006100620063","TMod":"6925a7e8-4774-4d4c-a090-6cd9dd4a0285","TJMI":0,"TDes":"5fb1b0fb-7098-4fdb-bd45-4c15f5bb4731","TJDI":0,"IsRe":false},{"JMID":2,"FTyp":2,"Symb":"006100620063","TMod":"6925a7e8-4774-4d4c-a090-6cd9dd4a0285","TJMI":0,"TDes":"5fb1b0fb-7098-4fdb-bd45-4c15f5bb4731","TJDI":0,"IsRe":false},{"JMID":3,"FTyp":2,"Symb":"006100620063","TMod":"6925a7e8-4774-4d4c-a090-6cd9dd4a0285","TJMI":0,"TDes":"5fb1b0fb-7098-4fdb-bd45-4c15f5bb4731","TJDI":0,"IsRe":false},{"JMID":1,"FTyp":2,"Symb":"006100620063","TMod":"6925a7e8-4774-4d4c-a090-6cd9dd4a0285","TJMI":0,"TDes":"5fb1b0fb-7098-4fdb-bd45-4c15f5bb4731","TJDI":0,"IsRe":false}]},{"ColN":1,"RowN":0,"FuPr":[{"JMID":4,"SyOu":"2621"},{"JMID":0,"SyOu":"D83DDE00"},{"JMID":2,"SyOu":"D83DDE8D"},{"JMID":3,"SyOu":"D83DDEBA"},{"JMID":1,"SyOu":"D83DDE2D"}]},{"ColN":2,"RowN":0,"FuPr":[{"JMID":4,"SyOu":"2622"},{"JMID":0,"SyOu":"D83DDE01"},{"JMID":2,"SyOu":"D83DDE8E"},{"JMID":3,"SyOu":"D83DDEBB"},{"JMID":1,"SyOu":"D83DDE2E"}]},{"ColN":3,"RowN":0,"FuPr":[{"JMID":4,"SyOu":"2623"},{"JMID":0,"SyOu":"D83DDE02"},{"JMID":2,"SyOu":"D83DDE8F"},{"JMID":3,"SyOu":"D83DDEBC"},{"JMID":1,"SyOu":"D83DDE2F"}]},{"ColN":4,"RowN":0,"FuPr":[{"JMID":4,"SyOu":"2624"},{"JMID":0,"SyOu":"D83DDE03"},{"JMID":2,"SyOu":"D83DDE90"},{"JMID":3,"SyOu":"D83DDEBD"},{"JMID":1,"SyOu":"D83DDE30"}]},{"ColN":5,"RowN":0,"FuPr":[{"JMID":4,"SyOu":"2625"},{"JMID":0,"SyOu":"D83DDE04"},{"JMID":2,"SyOu":"D83DDE91"},{"JMID":3,"SyOu":"D83DDEBE"},{"JMID":1,"SyOu":"D83DDE31"}]},{"ColN":6,"RowN":0,"FuPr":[{"JMID":4,"SyOu":"2626"},{"JMID":0,"SyOu":"D83DDE05"},{"JMID":2,"SyOu":"D83DDE92"},{"JMID":3,"SyOu":"D83DDEBF"},{"JMID":1,"SyOu":"D83DDE32"}]},{"ColN":7,"RowN":0,"FuPr":[{"JMID":4,"SyOu":"2627"},{"JMID":0,"SyOu":"D83DDE06"},{"JMID":2,"SyOu":"D83DDE93"},{"JMID":3,"SyOu":"D83DDEC0"},{"JMID":1,"SyOu":"D83DDE33"}]},{"ColN":8,"RowN":0,"FuPr":[{"JMID":4,"SyOu":"2628"},{"JMID":0,"SyOu":"D83DDE07"},{"JMID":2,"SyOu":"D83DDE94"},{"JMID":3,"SyOu":"D83DDEC1"},{"JMID":1,"SyOu":"D83DDE34"}]},{"ColN":9,"RowN":0,"FuPr":[{"JMID":4,"SyOu":"2629"},{"JMID":0,"SyOu":"D83DDE08"},{"JMID":2,"SyOu":"D83DDE95"},{"JMID":3,"SyOu":"D83DDEC2"},{"JMID":1,"SyOu":"D83DDE35"}]},{"ColN":0,"RowN":1,"Widt":150,"FuPr":[{"JMID":4,"FTyp":2,"Symb":"D83DDE3A","TMod":"cff92051-d4e9-46fc-93ab-b4e15d86e2b1","TJMI":1,"TDes":"a0c06905-5916-4324-82b5-b4098b993ad6","TJDI":2,"IsRe":false},{"JMID":0,"FTyp":2,"Symb":"D83DDE3A","TMod":"cff92051-d4e9-46fc-93ab-b4e15d86e2b1","TJMI":1,"TDes":"a0c06905-5916-4324-82b5-b4098b993ad6","TJDI":2,"IsRe":false},{"JMID":2,"FTyp":2,"Symb":"D83DDE3A","TMod":"cff92051-d4e9-46fc-93ab-b4e15d86e2b1","TJMI":1,"TDes":"a0c06905-5916-4324-82b5-b4098b993ad6","TJDI":2,"IsRe":false},{"JMID":3,"FTyp":2,"Symb":"D83DDE3A","TMod":"cff92051-d4e9-46fc-93ab-b4e15d86e2b1","TJMI":1,"TDes":"a0c06905-5916-4324-82b5-b4098b993ad6","TJDI":2,"IsRe":false},{"JMID":1,"FTyp":2,"Symb":"D83DDE3A","TMod":"cff92051-d4e9-46fc-93ab-b4e15d86e2b1","TJMI":1,"TDes":"a0c06905-5916-4324-82b5-b4098b993ad6","TJDI":2,"IsRe":false}]},{"ColN":1,"RowN":1,"FuPr":[{"JMID":4,"SyOu":"262A"},{"JMID":0,"SyOu":"D83DDE09"},{"JMID":2,"SyOu":"D83DDE96"},{"JMID":3,"SyOu":"D83DDEC3"},{"JMID":1,"SyOu":"D83DDE36"}]},{"ColN":2,"RowN":1,"FuPr":[{"JMID":4,"SyOu":"262B"},{"JMID":0,"SyOu":"D83DDE0A"},{"JMID":2,"SyOu":"D83DDE97"},{"JMID":3,"SyOu":"D83DDEC4"},{"JMID":1,"SyOu":"D83DDE37"}]},{"ColN":3,"RowN":1,"FuPr":[{"JMID":4,"SyOu":"262C"},{"JMID":0,"SyOu":"D83DDE0B"},{"JMID":2,"SyOu":"D83DDE98"},{"JMID":3,"SyOu":"D83DDEC5"},{"JMID":1,"SyOu":"D83DDE38"}]},{"ColN":4,"RowN":1,"FuPr":[{"JMID":4,"SyOu":"262D"},{"JMID":0,"SyOu":"D83DDE0C"},{"JMID":2,"SyOu":"D83DDE99"},{"JMID":3,"SyOu":"2600"},{"JMID":1,"SyOu":"D83DDE39"}]},{"ColN":5,"RowN":1,"FuPr":[{"JMID":4,"SyOu":"262E"},{"JMID":0,"SyOu":"D83DDE0D"},{"JMID":2,"SyOu":"D83DDE9A"},{"JMID":3,"SyOu":"2601"},{"JMID":1,"SyOu":"D83DDE3A"}]},{"ColN":6,"RowN":1,"FuPr":[{"JMID":4,"SyOu":"262F"},{"JMID":0,"SyOu":"D83DDE0E"},{"JMID":2,"SyOu":"D83DDE9B"},{"JMID":3,"SyOu":"2602"},{"JMID":1,"SyOu":"D83DDE3B"}]},{"ColN":7,"RowN":1,"FuPr":[{"JMID":4,"SyOu":"2630"},{"JMID":0,"SyOu":"D83DDE0F"},{"JMID":2,"SyOu":"D83DDE9C"},{"JMID":3,"SyOu":"2603"},{"JMID":1,"SyOu":"D83DDE3C"}]},{"ColN":8,"RowN":1,"FuPr":[{"JMID":4,"SyOu":"2631"},{"JMID":0,"SyOu":"D83DDE10"},{"JMID":2,"SyOu":"D83DDE9D"},{"JMID":3,"SyOu":"2604"},{"JMID":1,"SyOu":"D83DDE3D"}]},{"ColN":9,"RowN":1,"FuPr":[{"JMID":4,"SyOu":"2632"},{"JMID":0,"SyOu":"D83DDE11"},{"JMID":2,"SyOu":"D83DDE9E"},{"JMID":3,"SyOu":"2605"},{"JMID":1,"SyOu":"D83DDE3E"}]},{"ColN":0,"RowN":2,"Widt":150,"FuPr":[{"JMID":4,"FTyp":2,"Symb":"D83DDE97","TMod":"542402b5-3d08-455c-952e-4a96583ff4ee","TJMI":2,"TDes":"a0c06905-5916-4324-82b5-b4098b993ad6","TJDI":2,"IsRe":false},{"JMID":0,"FTyp":2,"Symb":"D83DDE97","TMod":"542402b5-3d08-455c-952e-4a96583ff4ee","TJMI":2,"TDes":"a0c06905-5916-4324-82b5-b4098b993ad6","TJDI":2,"IsRe":false},{"JMID":2,"FTyp":2,"Symb":"D83DDE97","TMod":"542402b5-3d08-455c-952e-4a96583ff4ee","TJMI":2,"TDes":"a0c06905-5916-4324-82b5-b4098b993ad6","TJDI":2,"IsRe":false},{"JMID":3,"FTyp":2,"Symb":"D83DDE97","TMod":"542402b5-3d08-455c-952e-4a96583ff4ee","TJMI":2,"TDes":"a0c06905-5916-4324-82b5-b4098b993ad6","TJDI":2,"IsRe":false},{"JMID":1,"FTyp":2,"Symb":"D83DDE97","TMod":"542402b5-3d08-455c-952e-4a96583ff4ee","TJMI":2,"TDes":"a0c06905-5916-4324-82b5-b4098b993ad6","TJDI":2,"IsRe":false}]},{"ColN":1,"RowN":2,"FuPr":[{"JMID":4,"SyOu":"2633"},{"JMID":0,"SyOu":"D83DDE12"},{"JMID":2,"SyOu":"D83DDE9F"},{"JMID":3,"SyOu":"2606"},{"JMID":1,"SyOu":"D83DDE3F"}]},{"ColN":2,"RowN":2,"FuPr":[{"JMID":4,"SyOu":"2634"},{"JMID":0,"SyOu":"D83DDE13"},{"JMID":2,"SyOu":"D83DDEA0"},{"JMID":3,"SyOu":"2607"},{"JMID":1,"SyOu":"D83DDE40"}]},{"ColN":3,"RowN":2,"FuPr":[{"JMID":4,"SyOu":"2635"},{"JMID":0,"SyOu":"D83DDE14"},{"JMID":2,"SyOu":"D83DDEA1"},{"JMID":3,"SyOu":"2608"},{"JMID":1,"SyOu":"D83DDE45"}]},{"ColN":4,"RowN":2,"FuPr":[{"JMID":4,"SyOu":"2636"},{"JMID":0,"SyOu":"D83DDE15"},{"JMID":2,"SyOu":"D83DDEA2"},{"JMID":3,"SyOu":"2609"},{"JMID":1,"SyOu":"D83DDE46"}]},{"ColN":5,"RowN":2,"FuPr":[{"JMID":4,"SyOu":"2637"},{"JMID":0,"SyOu":"D83DDE16"},{"JMID":2,"SyOu":"D83DDEA3"},{"JMID":3,"SyOu":"260A"},{"JMID":1,"SyOu":"D83DDE47"}]},{"ColN":6,"RowN":2,"FuPr":[{"JMID":4,"SyOu":"2638"},{"JMID":0,"SyOu":"D83DDE17"},{"JMID":2,"SyOu":"D83DDEA4"},{"JMID":3,"SyOu":"260B"},{"JMID":1,"SyOu":"D83DDE48"}]},{"ColN":7,"RowN":2,"FuPr":[{"JMID":4,"SyOu":"2639"},{"JMID":0,"SyOu":"D83DDE18"},{"JMID":2,"SyOu":"D83DDEA5"},{"JMID":3,"SyOu":"260C"},{"JMID":1,"SyOu":"D83DDE49"}]},{"ColN":8,"RowN":2,"FuPr":[{"JMID":4,"SyOu":"263A"},{"JMID":0,"SyOu":"D83DDE19"},{"JMID":2,"SyOu":"D83DDEA6"},{"JMID":3,"SyOu":"260D"},{"JMID":1,"SyOu":"D83DDE4A"}]},{"ColN":9,"RowN":2,"FuPr":[{"JMID":4,"SyOu":"263B"},{"JMID":0,"SyOu":"D83DDE1A"},{"JMID":2,"SyOu":"D83DDEA7"},{"JMID":3,"SyOu":"260E"},{"JMID":1,"SyOu":"D83DDE4B"}]},{"ColN":0,"RowN":3,"Widt":150,"FuPr":[{"JMID":4,"FTyp":2,"Symb":"2608","TMod":"bba85495-8aa5-49a1-9de2-bbc296b8c5d2","TJMI":3,"TDes":"a0c06905-5916-4324-82b5-b4098b993ad6","TJDI":2,"IsRe":false},{"JMID":0,"FTyp":2,"Symb":"2608","TMod":"bba85495-8aa5-49a1-9de2-bbc296b8c5d2","TJMI":3,"TDes":"a0c06905-5916-4324-82b5-b4098b993ad6","TJDI":2,"IsRe":false},{"JMID":2,"FTyp":2,"Symb":"2608","TMod":"bba85495-8aa5-49a1-9de2-bbc296b8c5d2","TJMI":3,"TDes":"a0c06905-5916-4324-82b5-b4098b993ad6","TJDI":2,"IsRe":false},{"JMID":3,"FTyp":2,"Symb":"2608","TMod":"bba85495-8aa5-49a1-9de2-bbc296b8c5d2","TJMI":3,"TDes":"a0c06905-5916-4324-82b5-b4098b993ad6","TJDI":2,"IsRe":false},{"JMID":1,"FTyp":2,"Symb":"2608","TMod":"bba85495-8aa5-49a1-9de2-bbc296b8c5d2","TJMI":3,"TDes":"a0c06905-5916-4324-82b5-b4098b993ad6","TJDI":2,"IsRe":false}]},{"ColN":1,"RowN":3,"FuPr":[{"JMID":4,"SyOu":"263C"},{"JMID":0,"SyOu":"D83DDE1B"},{"JMID":2,"SyOu":"D83DDEA8"},{"JMID":3,"SyOu":"260F"},{"JMID":1,"SyOu":"D83DDE4C"}]},{"ColN":2,"RowN":3,"FuPr":[{"JMID":4,"SyOu":"263D"},{"JMID":0,"SyOu":"D83DDE1C"},{"JMID":2,"SyOu":"D83DDEA9"},{"JMID":3,"SyOu":"2610"},{"JMID":1,"SyOu":"D83DDE4D"}]},{"ColN":3,"RowN":3,"FuPr":[{"JMID":4,"SyOu":"263E"},{"JMID":0,"SyOu":"D83DDE1D"},{"JMID":2,"SyOu":"D83DDEAA"},{"JMID":3,"SyOu":"2611"},{"JMID":1,"SyOu":"D83DDE4E"}]},{"ColN":4,"RowN":3,"FuPr":[{"JMID":4,"SyOu":"263F"},{"JMID":0,"SyOu":"D83DDE1E"},{"JMID":2,"SyOu":"D83DDEAB"},{"JMID":3,"SyOu":"2612"},{"JMID":1,"SyOu":"D83DDE4F"}]},{"ColN":5,"RowN":3,"FuPr":[{"JMID":4,"SyOu":"2640"},{"JMID":0,"SyOu":"D83DDE1F"},{"JMID":2,"SyOu":"D83DDEAC"},{"JMID":3,"SyOu":"2613"},{"JMID":1,"SyOu":"D83DDE80"}]},{"ColN":6,"RowN":3,"FuPr":[{"JMID":4,"SyOu":"2641"},{"JMID":0,"SyOu":"D83DDE20"},{"JMID":2,"SyOu":"D83DDEAD"},{"JMID":3,"SyOu":"2614"},{"JMID":1,"SyOu":"D83DDE81"}]},{"ColN":7,"RowN":3,"FuPr":[{"JMID":4,"SyOu":"2638"},{"JMID":0,"SyOu":"D83DDE21"},{"JMID":2,"SyOu":"D83DDEAE"},{"JMID":3,"SyOu":"2615"},{"JMID":1,"SyOu":"D83DDE82"}]},{"ColN":8,"RowN":3,"FuPr":[{"JMID":4,"SyOu":"2639"},{"JMID":0,"SyOu":"D83DDE22"},{"JMID":2,"SyOu":"D83DDEAF"},{"JMID":3,"SyOu":"2616"},{"JMID":1,"SyOu":"D83DDE83"}]},{"ColN":9,"RowN":3,"FuPr":[{"JMID":4,"SyOu":"263A"},{"JMID":0,"SyOu":"D83DDE23"},{"JMID":2,"SyOu":"D83DDEB0"},{"JMID":3,"SyOu":"2617"},{"JMID":1,"SyOu":"D83DDE84"}]},{"ColN":0,"RowN":4,"Widt":150,"FuPr":[{"JMID":4,"FTyp":2,"Symb":"2621","TMod":"6e63eb40-9da3-451c-8d3f-d68d739b379c","TJMI":4,"TDes":"a0c06905-5916-4324-82b5-b4098b993ad6","TJDI":2,"IsRe":false},{"JMID":0,"FTyp":2,"Symb":"2621","TMod":"6e63eb40-9da3-451c-8d3f-d68d739b379c","TJMI":4,"TDes":"a0c06905-5916-4324-82b5-b4098b993ad6","TJDI":2,"IsRe":false},{"JMID":2,"FTyp":2,"Symb":"2621","TMod":"6e63eb40-9da3-451c-8d3f-d68d739b379c","TJMI":4,"TDes":"a0c06905-5916-4324-82b5-b4098b993ad6","TJDI":2,"IsRe":false},{"JMID":3,"FTyp":2,"Symb":"2621","TMod":"6e63eb40-9da3-451c-8d3f-d68d739b379c","TJMI":4,"TDes":"a0c06905-5916-4324-82b5-b4098b993ad6","TJDI":2,"IsRe":false},{"JMID":1,"FTyp":2,"Symb":"2621","TMod":"6e63eb40-9da3-451c-8d3f-d68d739b379c","TJMI":4,"TDes":"a0c06905-5916-4324-82b5-b4098b993ad6","TJDI":2,"IsRe":false}]},{"ColN":1,"RowN":4,"FuPr":[{"JMID":4,"SyOu":"263B"},{"JMID":0,"SyOu":"D83DDE24"},{"JMID":2,"SyOu":"D83DDEB1"},{"JMID":3,"SyOu":"2618"},{"JMID":1,"SyOu":"D83DDE85"}]},{"ColN":2,"RowN":4,"FuPr":[{"JMID":4,"SyOu":"263C"},{"JMID":0,"SyOu":"D83DDE25"},{"JMID":2,"SyOu":"D83DDEB2"},{"JMID":3,"SyOu":"2619"},{"JMID":1,"SyOu":"D83DDE86"}]},{"ColN":3,"RowN":4,"FuPr":[{"JMID":4,"SyOu":"263D"},{"JMID":0,"SyOu":"D83DDE26"},{"JMID":2,"SyOu":"D83DDEB3"},{"JMID":3,"SyOu":"261A"},{"JMID":1,"SyOu":"D83DDE87"}]},{"ColN":4,"RowN":4,"FuPr":[{"JMID":4,"SyOu":"26A2"},{"JMID":0,"SyOu":"D83DDE27"},{"JMID":2,"SyOu":"D83DDEB4"},{"JMID":3,"SyOu":"261B"},{"JMID":1,"SyOu":"D83DDE88"}]},{"ColN":5,"RowN":4,"FuPr":[{"JMID":4,"SyOu":"26A3"},{"JMID":0,"SyOu":"D83DDE28"},{"JMID":2,"SyOu":"D83DDEB5"},{"JMID":3,"SyOu":"261C"},{"JMID":1,"SyOu":"D83DDE88"}]},{"ColN":6,"RowN":4,"FuPr":[{"JMID":4,"SyOu":"26A4"},{"JMID":0,"SyOu":"D83DDE29"},{"JMID":2,"SyOu":"D83DDEB6"},{"JMID":3,"SyOu":"261D"},{"JMID":1,"SyOu":"D83DDE89"}]},{"ColN":7,"RowN":4,"FuPr":[{"JMID":4,"SyOu":"26A5"},{"JMID":0,"SyOu":"D83DDE2A"},{"JMID":2,"SyOu":"D83DDEB7"},{"JMID":3,"SyOu":"261E"},{"JMID":1,"SyOu":"D83DDE8A"}]},{"ColN":8,"RowN":4,"FuPr":[{"JMID":4,"SyOu":"26A6"},{"JMID":0,"SyOu":"D83DDE03"},{"JMID":2,"SyOu":"D83DDEB8"},{"JMID":3,"SyOu":"261F"},{"JMID":1,"SyOu":"D83DDE8B"}]},{"ColN":9,"RowN":4,"FuPr":[{"JMID":4,"SyOu":"26A7"},{"JMID":0,"SyOu":"D83DDE2C"},{"JMID":2,"SyOu":"D83DDEB9"},{"JMID":3,"SyOu":"2620"},{"JMID":1,"SyOu":"D83DDE8C"}]}]},{"Name":"Text editing","Type":0,"ID":"8c0b925d-1e87-4306-9c75-e9080a901981","JDID":3,"Rows":3,"BSpa":80,"HiPo":30,"HiLa":35,"STPe":100,"STTi":250,"DHol":210,"FoSi":28,"KWPe":2,"CoBa":"#BBDEFB","CoPo":"#A7CAE7","CoUn":"#F44336","KSKe":{"Back":"#E3F2FD","Fore":"#795548","SubF":"#B59184"},"KSPo":{"Back":"#CFDEE9","Fore":"#654134","SubF":"#A17D70"},"KSMa":{"Back":"#FFBFB3","Fore":"#141432","SubF":"#141432"},"Magn":{"Heig":60,"WiCh":60,"WiCu":30,"WiBo":8,"FoSi":100,"Usag":2,"CuCu":"#DC0A28","FChU":2,"FChD":1,"FCuU":3,"FCuD":3,"SChU":"21F5","SChD":"2327","SCuU":"21F5","SCuD":"2327","OCuU":"002E","OCuD":"0020"},"WoBa":{"Posi":0,"Heig":100,"FoSi":100,"SeWi":100,"LaSi":100,"TeNO":"#FF4444","TeMi":"#4444FF","LaOK":"#44FF44","LaNO":"#FF4444","LaTe":"#FFFFFF","AKLa":{"PRNO":{"Type":2}},"AKSu":{"PROK":{"Type":5},"PRNO":{"Type":5},"HOOK":{"Type":3},"HONO":{"Type":3},"DOOK":{"Type":4},"DONO":{"Type":4}},"AKCu":{"Keys":[]},"Sett":"0|0|1|1|1"},"EmSe":{"CoCB":{"CoCo":"#FFFFFF"},"AcWi":75,"FHSi":110,"SkSe":true},"Modes":[{"Name":"Default","JMID":0}],"Keys":[{"ColN":0,"RowN":0,"FuPr":[{"JMID":0,"FTyp":2,"Symb":"006100620063","TMod":"6925a7e8-4774-4d4c-a090-6cd9dd4a0285","TJMI":0,"TDes":"5fb1b0fb-7098-4fdb-bd45-4c15f5bb4731","TJDI":0,"IsRe":false}]},{"ColN":1,"RowN":0,"FuPr":[{"JMID":0,"FTyp":9,"Symb":"21B6"}]},{"ColN":2,"RowN":0,"FuPr":[{"JMID":0,"FTyp":10,"Symb":"21B7"}]},{"ColN":3,"RowN":0,"FuPr":[{"JMID":0,"FTyp":11,"Symb":"29C9"}]},{"ColN":4,"RowN":0,"FuPr":[{"JMID":0,"FTyp":12,"Symb":"29C4"}]},{"ColN":5,"RowN":0,"FuPr":[{"JMID":0,"FTyp":13,"Symb":"2380"}]},{"ColN":0,"RowN":1,"FuPr":[{"JMID":0,"FTyp":8,"Symb":"2190","OMov":3}]},{"ColN":1,"RowN":1,"FuPr":[{"JMID":0,"FTyp":8,"Symb":"2193","OMov":2}]},{"ColN":2,"RowN":1,"FuPr":[{"JMID":0,"FTyp":8,"Symb":"2192","OMov":1}]},{"ColN":3,"RowN":1,"FuPr":[{"JMID":0,"FTyp":14,"Symb":"004D00610072006B000A006F006E002F006F00660066","OMar":9}]},{"ColN":4,"RowN":1,"FuPr":[{"JMID":0,"FTyp":14,"Symb":"2B1A","OMar":4}]},{"ColN":5,"RowN":1,"FuPr":[{"JMID":0,"SAsO":false,"Symb":"2423","Outp":"0020"}]},{"ColN":0,"RowN":2,"FuPr":[{"JMID":0,"FTyp":8,"Symb":"00412190","OMov":5}]},{"ColN":1,"RowN":2,"FuPr":[{"JMID":0,"FTyp":8,"Symb":"2191","OMov":0}]},{"ColN":2,"RowN":2,"FuPr":[{"JMID":0,"FTyp":8,"Symb":"21920041","OMov":4}]},{"ColN":3,"RowN":2,"FuPr":[{"JMID":0,"FTyp":8,"Symb":"007C2190","OMov":8}]},{"ColN":4,"RowN":2,"FuPr":[{"JMID":0,"FTyp":8,"Symb":"2192007C","OMov":9}]},{"ColN":5,"RowN":2,"FuPr":[{"JMID":0,"FTyp":4,"Symb":"232B","ODel":0}]}]},{"Name":"Numbers","Type":0,"ID":"3728fc38-5c06-4e5c-a3ff-386712b4bd6a","JDID":4,"Rows":3,"BSpa":80,"HiPo":30,"HiLa":35,"STPe":100,"STTi":250,"DHol":210,"FoSi":50,"KWPe":2,"CoBa":"#BBDEFB","CoPo":"#A7CAE7","CoUn":"#F44336","KSKe":{"Back":"#E3F2FD","Fore":"#795548","SubF":"#B59184"},"KSPo":{"Back":"#CFDEE9","Fore":"#654134","SubF":"#A17D70"},"KSMa":{"Back":"#FFBFB3","Fore":"#141432","SubF":"#141432"},"Magn":{"Heig":100,"WiCh":100,"WiCu":50,"WiBo":8,"FoSi":100,"Usag":0,"CuCu":"#DC0A28","FChU":2,"FChD":1,"FCuU":3,"FCuD":3,"SChU":"21F5","SChD":"2327","SCuU":"21F5","SCuD":"2327","OCuU":"002E","OCuD":"0020"},"WoBa":{"Posi":0,"Heig":100,"FoSi":100,"SeWi":100,"LaSi":100,"TeNO":"#FF4444","TeMi":"#4444FF","LaOK":"#44FF44","LaNO":"#FF4444","LaTe":"#FFFFFF","AKLa":{"PRNO":{"Type":2}},"AKSu":{"PROK":{"Type":5},"PRNO":{"Type":5},"HOOK":{"Type":3},"HONO":{"Type":3},"DOOK":{"Type":4},"DONO":{"Type":4}},"AKCu":{"Keys":[]},"Sett":"0|0|1|1|1"},"EmSe":{"CoCB":{"CoCo":"#FFFFFF"},"AcWi":75,"FHSi":110,"SkSe":true},"Modes":[{"Name":"Default","JMID":0,"PoNu":true}],"Keys":[{"ColN":0,"RowN":0,"FuPr":[{"JMID":0,"SyOu":"0037"}]},{"ColN":1,"RowN":0,"FuPr":[{"JMID":0,"SyOu":"0038"}]},{"ColN":2,"RowN":0,"FuPr":[{"JMID":0,"SyOu":"0039"}]},{"ColN":3,"RowN":0,"FuPr":[{"JMID":0,"SyOu":"0030"}]},{"ColN":0,"RowN":1,"FuPr":[{"JMID":0,"SyOu":"0034"}]},{"ColN":1,"RowN":1,"FuPr":[{"JMID":0,"SyOu":"0035"}]},{"ColN":2,"RowN":1,"FuPr":[{"JMID":0,"SyOu":"0036"}]},{"ColN":3,"RowN":1,"FuPr":[{"JMID":0,"FTyp":16,"Symb":"004F004B","SyNe":"21D2","SyLi":"23CE","SySa":"2315","SySe":"21F0"}]},{"ColN":0,"RowN":2,"FuPr":[{"JMID":0,"SyOu":"0031"}]},{"ColN":1,"RowN":2,"FuPr":[{"JMID":0,"SyOu":"0032"}]},{"ColN":2,"RowN":2,"FuPr":[{"JMID":0,"SyOu":"0033"}]},{"ColN":3,"RowN":2,"FuPr":[{"JMID":0,"FTyp":4,"Symb":"232B","ODel":0}],"FuHo":[{"JMID":0,"FTyp":4,"Symb":"232B","ODel":0,"ReFT":500,"RePe":150}]}]},{"Name":"Numbers (landscape)","Type":0,"ID":"bb5d9f8c-8d72-43f9-8311-374c84b515bb","JDID":5,"Rows":1,"BSpa":80,"HiPo":10,"HiLa":15,"STPe":100,"STTi":250,"DHol":210,"FoSi":50,"KWPe":2,"CoBa":"#BBDEFB","CoPo":"#A7CAE7","CoUn":"#F44336","KSKe":{"Back":"#E3F2FD","Fore":"#795548","SubF":"#B59184"},"KSPo":{"Back":"#CFDEE9","Fore":"#654134","SubF":"#A17D70"},"KSMa":{"Back":"#FFBFB3","Fore":"#141432","SubF":"#141432"},"Magn":{"Heig":100,"WiCh":100,"WiCu":50,"WiBo":8,"FoSi":100,"Usag":0,"CuCu":"#DC0A28","FChU":2,"FChD":1,"FCuU":3,"FCuD":3,"SChU":"21F5","SChD":"2327","SCuU":"21F5","SCuD":"2327","OCuU":"002E","OCuD":"0020"},"WoBa":{"Posi":0,"Heig":100,"FoSi":100,"SeWi":100,"LaSi":100,"TeNO":"#FF4444","TeMi":"#4444FF","LaOK":"#44FF44","LaNO":"#FF4444","LaTe":"#FFFFFF","AKLa":{"PRNO":{"Type":2}},"AKSu":{"PROK":{"Type":5},"PRNO":{"Type":5},"HOOK":{"Type":3},"HONO":{"Type":3},"DOOK":{"Type":4},"DONO":{"Type":4}},"AKCu":{"Keys":[]},"Sett":"0|0|1|1|1"},"EmSe":{"CoCB":{"CoCo":"#FFFFFF"},"AcWi":75,"FHSi":110,"SkSe":true},"Modes":[{"Name":"Default","JMID":0,"LaNu":true}],"Keys":[{"ColN":0,"RowN":0,"FuPr":[{"JMID":0,"SyOu":"0030"}]},{"ColN":1,"RowN":0,"FuPr":[{"JMID":0,"SyOu":"0031"}]},{"ColN":2,"RowN":0,"FuPr":[{"JMID":0,"SyOu":"0032"}]},{"ColN":3,"RowN":0,"FuPr":[{"JMID":0,"SyOu":"0033"}]},{"ColN":4,"RowN":0,"FuPr":[{"JMID":0,"SyOu":"0034"}]},{"ColN":5,"RowN":0,"FuPr":[{"JMID":0,"SyOu":"0035"}]},{"ColN":6,"RowN":0,"FuPr":[{"JMID":0,"SyOu":"0036"}]},{"ColN":7,"RowN":0,"FuPr":[{"JMID":0,"SyOu":"0037"}]},{"ColN":8,"RowN":0,"FuPr":[{"JMID":0,"SyOu":"0038"}]},{"ColN":9,"RowN":0,"FuPr":[{"JMID":0,"SyOu":"0039"}]},{"ColN":10,"RowN":0,"FuPr":[{"JMID":0,"FTyp":4,"Symb":"232B","ODel":0}]},{"ColN":11,"RowN":0,"FuPr":[{"JMID":0,"FTyp":16,"Symb":"004F004B","SyNe":"21D2","SyLi":"23CE","SySa":"2315","SySe":"21F0"}]}]},{"Name":"Phone","Type":0,"ID":"bbf4e5dc-fb84-414a-80e8-2c70b62260dc","JDID":6,"Rows":4,"BSpa":80,"HiPo":30,"HiLa":35,"STPe":100,"STTi":250,"DHol":500,"FoSi":50,"KWPe":2,"CoBa":"#BBDEFB","CoPo":"#A7CAE7","CoUn":"#F44336","KSKe":{"Back":"#E3F2FD","Fore":"#795548","SubF":"#B59184"},"KSPo":{"Back":"#CFDEE9","Fore":"#654134","SubF":"#A17D70"},"KSMa":{"Back":"#FFBFB3","Fore":"#141432","SubF":"#141432"},"Magn":{"Heig":100,"WiCh":100,"WiCu":50,"WiBo":8,"FoSi":100,"Usag":0,"CuCu":"#DC0A28","FChU":2,"FChD":1,"FCuU":3,"FCuD":3,"SChU":"21F5","SChD":"2327","SCuU":"21F5","SCuD":"2327","OCuU":"002E","OCuD":"0020"},"WoBa":{"Posi":0,"Heig":100,"FoSi":100,"SeWi":100,"LaSi":100,"TeNO":"#FF4444","TeMi":"#4444FF","LaOK":"#44FF44","LaNO":"#FF4444","LaTe":"#FFFFFF","AKLa":{"PRNO":{"Type":2}},"AKSu":{"PROK":{"Type":5},"PRNO":{"Type":5},"HOOK":{"Type":3},"HONO":{"Type":3},"DOOK":{"Type":4},"DONO":{"Type":4}},"AKCu":{"Keys":[]},"Sett":"0|0|1|1|1"},"EmSe":{"CoCB":{"CoCo":"#FFFFFF"},"AcWi":75,"FHSi":110,"SkSe":true},"Modes":[{"Name":"Default","JMID":0,"PoPh":true,"LaPh":true}],"Keys":[{"ColN":0,"RowN":0,"FuPr":[{"JMID":0,"SyOu":"002A"}]},{"ColN":1,"RowN":0,"FuPr":[{"JMID":0,"SyOu":"0030"}],"FuHo":[{"JMID":0,"SyOu":"002B"}]},{"ColN":2,"RowN":0,"FuPr":[{"JMID":0,"SyOu":"0023"}]},{"ColN":3,"RowN":0,"Heig":200,"FuPr":[{"JMID":0,"FTyp":2,"Symb":"002E002D0028","TDes":"bbf4e5dc-fb84-414a-80e8-2c70b62260dc","TJDI":6}]},{"ColN":0,"RowN":1,"FuPr":[{"JMID":0,"SyOu":"0037"}],"FuDo":[{"JMID":0,"SAsO":false,"Symb":"0050005100520053"}]},{"ColN":1,"RowN":1,"FuPr":[{"JMID":0,"SyOu":"0038"}],"FuDo":[{"JMID":0,"SAsO":false,"Symb":"005400550056"}]},{"ColN":2,"RowN":1,"FuPr":[{"JMID":0,"SyOu":"0039"}],"FuDo":[{"JMID":0,"SAsO":false,"Symb":"005700580059005A"}]},{"ColN":0,"RowN":2,"FuPr":[{"JMID":0,"SyOu":"0034"}],"FuDo":[{"JMID":0,"SAsO":false,"Symb":"004700480049"}]},{"ColN":1,"RowN":2,"FuPr":[{"JMID":0,"SyOu":"0035"}],"FuDo":[{"JMID":0,"SAsO":false,"Symb":"004A004B004C"}]},{"ColN":2,"RowN":2,"FuPr":[{"JMID":0,"SyOu":"0036"}],"FuDo":[{"JMID":0,"SAsO":false,"Symb":"004D004E004F"}]},{"ColN":3,"RowN":2,"FuPr":[{"JMID":0,"FTyp":16,"Symb":"004F004B","SyNe":"21D2","SyLi":"23CE","SySa":"2315","SySe":"21F0"}]},{"ColN":0,"RowN":3,"FuPr":[{"JMID":0,"SyOu":"0031"}]},{"ColN":1,"RowN":3,"FuPr":[{"JMID":0,"SyOu":"0032"}],"FuDo":[{"JMID":0,"SAsO":false,"Symb":"004100420043"}]},{"ColN":2,"RowN":3,"FuPr":[{"JMID":0,"SyOu":"0033"}],"FuDo":[{"JMID":0,"SAsO":false,"Symb":"004400450046"}]},{"ColN":3,"RowN":3,"FuPr":[{"JMID":0,"FTyp":4,"Symb":"232B","ODel":0}]}]},{"Name":"Smartwatch (round)","Type":2,"ID":"ba66038a-c58d-4692-b5b3-374853b87de0","JDID":7,"Rows":3,"BSpa":90,"HiPo":30,"HiLa":35,"STPe":100,"STTi":250,"DHol":0,"FoSi":30,"KWPe":2,"Lang":"CS","CoBa":"#BBDEFB","CoPo":"#A7CAE7","CoUn":"#F44336","KSKe":{"Back":"#E3F2FD","Fore":"#795548","SubF":"#B59184"},"KSPo":{"Back":"#CFDEE9","Fore":"#654134","SubF":"#A17D70"},"KSMa":{"Back":"#FFBFB3","Fore":"#141432","SubF":"#141432"},"Magn":{"Heig":100,"WiCh":100,"WiCu":50,"WiBo":8,"FoSi":100,"Usag":0,"CuCu":"#DC0A28","FChU":2,"FChD":1,"FCuU":3,"FCuD":3,"SChU":"21F5","SChD":"2327","SCuU":"21F5","SCuD":"2327","OCuU":"002E","OCuD":"0020"},"WoBa":{"Posi":1,"Heig":100,"FoSi":100,"SeWi":100,"LaSi":100,"TeNO":"#FF4444","TeMi":"#4444FF","LaOK":"#44FF44","LaNO":"#FF4444","LaTe":"#FFFFFF","AKLa":{"PRNO":{"Type":2}},"AKSu":{"PROK":{"Type":5},"PRNO":{"Type":5},"HOOK":{"Type":3},"HONO":{"Type":3},"DOOK":{"Type":4},"DONO":{"Type":4}},"AKCu":{"Keys":[]},"Sett":"0|0|1|1|1"},"EmSe":{"CoCB":{"CoCo":"#FFFFFF"},"AcWi":75,"FHSi":110,"SkSe":true},"Modes":[{"Name":"Default","JMID":0,"PoTe":true,"LaTe":true},{"Name":"Special characters","JMID":1}],"Keys":[{"ColN":0,"RowN":0,"Heig":75,"FuPr":[{"JMID":0,"FTyp":0,"Symb":"003F0020002C00200021000A002E00202423","SiMu":80,"YCor":-7},{"JMID":1,"FTyp":0,"Symb":"270E"}],"FuHo":[{"JMID":0,"PopK":{"Rows":2,"RPos":1,"Keys":[{"ColN":0,"RowN":0,"Func":{"JMID":-2,"SyOu":"002E"}},{"ColN":1,"RowN":0,"Func":{"JMID":-2,"SAsO":false,"Symb":"2423","Outp":"0020"}},{"ColN":0,"RowN":1,"Func":{"JMID":-2,"SyOu":"003F"}},{"ColN":1,"RowN":1,"Func":{"JMID":-2,"SyOu":"002C"}},{"ColN":2,"RowN":1,"Func":{"JMID":-2,"SyOu":"0021"}}]},"FTyp":5},{"JMID":1,"PopK":{"Rows":2,"Keys":[{"ColN":0,"RowN":0,"Func":{"JMID":-2,"FTyp":9,"Symb":"21B6"}},{"ColN":1,"RowN":0,"Func":{"JMID":-2,"FTyp":10,"Symb":"21B7"}},{"ColN":0,"RowN":1,"Func":{"JMID":-2,"FTyp":8,"Symb":"2190","OMov":3}},{"ColN":1,"RowN":1,"Func":{"JMID":-2,"FTyp":8,"Symb":"2192","OMov":1}}]},"FTyp":5}]},{"ColN":1,"RowN":0,"Heig":75,"FuPr":[{"JMID":0,"FTyp":4,"Symb":"232B","ODel":0},{"JMID":1,"FTyp":0,"Symb":"2327"}],"FuHo":[{"JMID":1,"PopK":{"Rows":2,"Keys":[{"ColN":0,"RowN":0,"Heig":200,"Func":{"JMID":-2,"FTyp":4,"Symb":"00440065006C006500740065000A0061006C006C","ODel":4,"SiMu":80}},{"ColN":1,"RowN":0,"Func":{"JMID":-2,"FTyp":4,"Symb":"00440065006C006500740065000A0077006F00720064000A006C006500660074","ODel":2,"SiMu":80}},{"ColN":2,"RowN":0,"Func":{"JMID":-2,"FTyp":4,"Symb":"00440065006C006500740065000A0077006F00720064000A00720069006700680074","ODel":3,"SiMu":80}},{"ColN":0,"RowN":1,"Func":{"JMID":-2,"FTyp":4,"Symb":"00440065006C006500740065000A0074006F000A00730074006100720074","ODel":5,"SiMu":80}},{"ColN":1,"RowN":1,"Func":{"JMID":-2,"FTyp":4,"Symb":"00440065006C006500740065000A0074006F000A0065006E0064","ODel":6,"SiMu":80}}]},"FTyp":5}]},{"ColN":0,"RowN":1,"Heig":150,"FuPr":[{"JMID":0,"FTyp":0,"Symb":"00610020006200200063000A00640020006500200066000A00670020006800200069"},{"JMID":1,"FTyp":0,"Symb":"00270020007E002000B0000A005B0020005D0020007B000A003C0020003E0020007D"}],"FuHo":[{"JMID":0,"PopK":{"Rows":3,"RPos":1,"Keys":[{"ColN":0,"RowN":0,"Func":{"JMID":-2,"SyOu":"0067"}},{"ColN":1,"RowN":0,"Func":{"JMID":-2,"SyOu":"0068"}},{"ColN":2,"RowN":0,"Func":{"JMID":-2,"SyOu":"0069"}},{"ColN":0,"RowN":1,"Func":{"JMID":-2,"SyOu":"0064"}},{"ColN":1,"RowN":1,"Func":{"JMID":-2,"SyOu":"0065"}},{"ColN":2,"RowN":1,"Func":{"JMID":-2,"SyOu":"0066"}},{"ColN":0,"RowN":2,"Func":{"JMID":-2,"SyOu":"0061"}},{"ColN":1,"RowN":2,"Func":{"JMID":-2,"SyOu":"0062"}},{"ColN":2,"RowN":2,"Func":{"JMID":-2,"SyOu":"0063"}}]},"FTyp":5},{"JMID":1,"PopK":{"Rows":3,"RPos":1,"Keys":[{"ColN":0,"RowN":0,"Func":{"JMID":-2,"SyOu":"003C"}},{"ColN":1,"RowN":0,"Func":{"JMID":-2,"SyOu":"003E"}},{"ColN":2,"RowN":0,"Func":{"JMID":-2,"SyOu":"007D"}},{"ColN":0,"RowN":1,"Func":{"JMID":-2,"SyOu":"005B"}},{"ColN":1,"RowN":1,"Func":{"JMID":-2,"SyOu":"005D"}},{"ColN":2,"RowN":1,"Func":{"JMID":-2,"SyOu":"007B"}},{"ColN":0,"RowN":2,"Func":{"JMID":-2,"SyOu":"0027"}},{"ColN":1,"RowN":2,"Func":{"JMID":-2,"SyOu":"007E"}},{"ColN":2,"RowN":2,"Func":{"JMID":-2,"SyOu":"00B0"}}]},"FTyp":5}]},{"ColN":1,"RowN":1,"Heig":150,"FuPr":[{"JMID":0,"FTyp":0,"Symb":"006A0020006B0020006C000A006D0020006E0020006F000A00700020007100200072"},{"JMID":1,"FTyp":0,"Symb":"002B0020002D0020002A000A0028002000290020003D000A002200200024002020AC"}],"FuHo":[{"JMID":0,"PopK":{"Rows":3,"RPos":1,"Keys":[{"ColN":0,"RowN":0,"Func":{"JMID":-2,"SyOu":"0070"}},{"ColN":1,"RowN":0,"Func":{"JMID":-2,"SyOu":"0071"}},{"ColN":2,"RowN":0,"Func":{"JMID":-2,"SyOu":"0072"}},{"ColN":0,"RowN":1,"Func":{"JMID":-2,"SyOu":"006D"}},{"ColN":1,"RowN":1,"Func":{"JMID":-2,"SyOu":"006E"}},{"ColN":2,"RowN":1,"Func":{"JMID":-2,"SyOu":"006F"}},{"ColN":0,"RowN":2,"Func":{"JMID":-2,"SyOu":"006A"}},{"ColN":1,"RowN":2,"Func":{"JMID":-2,"SyOu":"006B"}},{"ColN":2,"RowN":2,"Func":{"JMID":-2,"SyOu":"006C"}}]},"FTyp":5},{"JMID":1,"PopK":{"Rows":3,"RPos":1,"Keys":[{"ColN":0,"RowN":0,"Func":{"JMID":-2,"SyOu":"0022"}},{"ColN":1,"RowN":0,"Func":{"JMID":-2,"SyOu":"0024"}},{"ColN":2,"RowN":0,"Func":{"JMID":-2,"SyOu":"20AC"}},{"ColN":0,"RowN":1,"Func":{"JMID":-2,"SyOu":"0028"}},{"ColN":1,"RowN":1,"Func":{"JMID":-2,"SyOu":"0029"}},{"ColN":2,"RowN":1,"Func":{"JMID":-2,"SyOu":"003D"}},{"ColN":0,"RowN":2,"Func":{"JMID":-2,"SyOu":"002B"}},{"ColN":1,"RowN":2,"Func":{"JMID":-2,"SyOu":"002D"}},{"ColN":2,"RowN":2,"Func":{"JMID":-2,"SyOu":"002A"}}]},"FTyp":5}]},{"ColN":2,"RowN":1,"Heig":150,"FuPr":[{"JMID":0,"FTyp":0,"Symb":"00730020007400200075000A00760020007700200078000A00790020007A"},{"JMID":1,"FTyp":0,"Symb":"00400020003A0020003B000A002F0020005C00200026000A007C0020002500200023"}],"FuHo":[{"JMID":0,"PopK":{"Rows":3,"RPos":1,"Keys":[{"ColN":0,"RowN":0,"Func":{"JMID":-2,"SyOu":"0079"}},{"ColN":1,"RowN":0,"Func":{"JMID":-2,"SyOu":"007A"}},{"ColN":0,"RowN":1,"Func":{"JMID":-2,"SyOu":"0076"}},{"ColN":1,"RowN":1,"Func":{"JMID":-2,"SyOu":"0077"}},{"ColN":2,"RowN":1,"Func":{"JMID":-2,"SyOu":"0078"}},{"ColN":0,"RowN":2,"Func":{"JMID":-2,"SyOu":"0073"}},{"ColN":1,"RowN":2,"Func":{"JMID":-2,"SyOu":"0074"}},{"ColN":2,"RowN":2,"Func":{"JMID":-2,"SyOu":"0075"}}]},"FTyp":5},{"JMID":1,"PopK":{"Rows":3,"RPos":1,"Keys":[{"ColN":0,"RowN":0,"Func":{"JMID":-2,"SyOu":"007C"}},{"ColN":1,"RowN":0,"Func":{"JMID":-2,"SyOu":"0025"}},{"ColN":2,"RowN":0,"Func":{"JMID":-2,"SyOu":"0023"}},{"ColN":0,"RowN":1,"Func":{"JMID":-2,"SyOu":"002F"}},{"ColN":1,"RowN":1,"Func":{"JMID":-2,"SyOu":"005C"}},{"ColN":2,"RowN":1,"Func":{"JMID":-2,"SyOu":"0026"}},{"ColN":0,"RowN":2,"Func":{"JMID":-2,"SyOu":"0040"}},{"ColN":1,"RowN":2,"Func":{"JMID":-2,"SyOu":"003A"}},{"ColN":2,"RowN":2,"Func":{"JMID":-2,"SyOu":"003B"}}]},"FTyp":5}]},{"ColN":0,"RowN":2,"Heig":150,"FuPr":[{"JMID":0,"FTyp":0,"Symb":"00410020004200200043000A00440020004500200046000A00470020004800200049"},{"JMID":1,"FTyp":0,"Symb":"D83DDE000020D83DDE010020D83DDE02000AD83DDE200020D83DDE1B0020D83DDE05000AD83DDE270020D83DDE070020D83DDE08","SiMu":70}],"FuHo":[{"JMID":0,"PopK":{"Rows":3,"RPos":1,"Keys":[{"ColN":0,"RowN":0,"Func":{"JMID":-2,"SyOu":"0047"}},{"ColN":1,"RowN":0,"Func":{"JMID":-2,"SyOu":"0048"}},{"ColN":2,"RowN":0,"Func":{"JMID":-2,"SyOu":"0049"}},{"ColN":0,"RowN":1,"Func":{"JMID":-2,"SyOu":"0044"}},{"ColN":1,"RowN":1,"Func":{"JMID":-2,"SyOu":"0045"}},{"ColN":2,"RowN":1,"Func":{"JMID":-2,"SyOu":"0046"}},{"ColN":0,"RowN":2,"Func":{"JMID":-2,"SyOu":"0041"}},{"ColN":1,"RowN":2,"Func":{"JMID":-2,"SyOu":"0042"}},{"ColN":2,"RowN":2,"Func":{"JMID":-2,"SyOu":"0043"}}]},"FTyp":5},{"JMID":1,"PopK":{"Rows":3,"RPos":1,"Keys":[{"ColN":0,"RowN":0,"Func":{"JMID":-2,"SyOu":"D83DDE27"}},{"ColN":1,"RowN":0,"Func":{"JMID":-2,"SyOu":"D83DDE07"}},{"ColN":2,"RowN":0,"Func":{"JMID":-2,"SyOu":"D83DDE08"}},{"ColN":0,"RowN":1,"Func":{"JMID":-2,"SyOu":"D83DDE20"}},{"ColN":1,"RowN":1,"Func":{"JMID":-2,"SyOu":"D83DDE1B"}},{"ColN":2,"RowN":1,"Func":{"JMID":-2,"SyOu":"D83DDE05"}},{"ColN":0,"RowN":2,"Func":{"JMID":-2,"SyOu":"D83DDE00"}},{"ColN":1,"RowN":2,"Func":{"JMID":-2,"SyOu":"D83DDE01"}},{"ColN":2,"RowN":2,"Func":{"JMID":-2,"SyOu":"D83DDE02"}}]},"FTyp":5}]},{"ColN":1,"RowN":2,"Heig":150,"FuPr":[{"JMID":0,"FTyp":0,"Symb":"004A0020004B0020004C000A004D004E004F000A00500020005100200052"},{"JMID":1,"FTyp":0,"Symb":"D83DDEB60020D83DDEB50020D83DDE97000AD83DDEA20020D83DDE9B00202600000AD83DDE4F0020D83DDC4B00202602","SiMu":70}],"FuHo":[{"JMID":0,"PopK":{"Rows":3,"RPos":1,"Keys":[{"ColN":0,"RowN":0,"Func":{"JMID":-2,"SyOu":"0050"}},{"ColN":1,"RowN":0,"Func":{"JMID":-2,"SyOu":"0051"}},{"ColN":2,"RowN":0,"Func":{"JMID":-2,"SyOu":"0052"}},{"ColN":0,"RowN":1,"Func":{"JMID":-2,"SyOu":"004D"}},{"ColN":1,"RowN":1,"Func":{"JMID":-2,"SyOu":"004E"}},{"ColN":2,"RowN":1,"Func":{"JMID":-2,"SyOu":"004F"}},{"ColN":0,"RowN":2,"Func":{"JMID":-2,"SyOu":"004A"}},{"ColN":1,"RowN":2,"Func":{"JMID":-2,"SyOu":"004B"}},{"ColN":2,"RowN":2,"Func":{"JMID":-2,"SyOu":"004C"}}]},"FTyp":5},{"JMID":1,"PopK":{"Rows":3,"RPos":1,"Keys":[{"ColN":0,"RowN":0,"Func":{"JMID":-2,"SyOu":"D83DDE4F"}},{"ColN":1,"RowN":0,"Func":{"JMID":-2,"SyOu":"D83DDC4B"}},{"ColN":2,"RowN":0,"Func":{"JMID":-2,"SyOu":"2602"}},{"ColN":0,"RowN":1,"Func":{"JMID":-2,"SyOu":"D83DDEA2"}},{"ColN":1,"RowN":1,"Func":{"JMID":-2,"SyOu":"D83DDE9B"}},{"ColN":2,"RowN":1,"Func":{"JMID":-2,"SyOu":"2600"}},{"ColN":0,"RowN":2,"Func":{"JMID":-2,"SyOu":"D83DDEB6"}},{"ColN":1,"RowN":2,"Func":{"JMID":-2,"SyOu":"D83DDEB5"}},{"ColN":2,"RowN":2,"Func":{"JMID":-2,"SyOu":"D83DDE97"}}]},"FTyp":5}]},{"ColN":2,"RowN":2,"Heig":150,"FuPr":[{"JMID":0,"FTyp":0,"Symb":"00530020005400200055000A005600570058000A00590020005A"},{"JMID":1,"FTyp":0,"Symb":"00310020003200200033000A0034003500360037000A00380020003900200030"}],"FuHo":[{"JMID":0,"PopK":{"Rows":3,"RPos":1,"Keys":[{"ColN":0,"RowN":0,"Func":{"JMID":-2,"SyOu":"0059"}},{"ColN":1,"RowN":0,"Func":{"JMID":-2,"SyOu":"005A"}},{"ColN":0,"RowN":1,"Func":{"JMID":-2,"SyOu":"0056"}},{"ColN":1,"RowN":1,"Func":{"JMID":-2,"SyOu":"0057"}},{"ColN":2,"RowN":1,"Func":{"JMID":-2,"SyOu":"0058"}},{"ColN":0,"RowN":2,"Func":{"JMID":-2,"SyOu":"0053"}},{"ColN":1,"RowN":2,"Func":{"JMID":-2,"SyOu":"0054"}},{"ColN":2,"RowN":2,"Func":{"JMID":-2,"SyOu":"0055"}}]},"FTyp":5},{"JMID":1,"PopK":{"Rows":3,"RPos":1,"Keys":[{"ColN":0,"RowN":0,"Func":{"JMID":-2,"SyOu":"0038"}},{"ColN":1,"RowN":0,"Func":{"JMID":-2,"SyOu":"0039"}},{"ColN":2,"RowN":0,"Func":{"JMID":-2,"SyOu":"0030"}},{"ColN":0,"RowN":1,"Func":{"JMID":-2,"SyOu":"0034"}},{"ColN":1,"RowN":1,"Func":{"JMID":-2,"SyOu":"0035"}},{"ColN":2,"RowN":1,"Func":{"JMID":-2,"SyOu":"0036"}},{"ColN":3,"RowN":1,"Func":{"JMID":-2,"SyOu":"0037"}},{"ColN":0,"RowN":2,"Func":{"JMID":-2,"SyOu":"0031"}},{"ColN":1,"RowN":2,"Func":{"JMID":-2,"SyOu":"0032"}},{"ColN":2,"RowN":2,"Func":{"JMID":-2,"SyOu":"0033"}}]},"FTyp":5}]},{"ColN":3,"RowN":2,"Widt":75,"Heig":150,"FuPr":[{"JMID":0,"FTyp":2,"Symb":"0031002D003A","TMod":"04157835-2bb9-4f83-890b-b9b14ec82aa0","TJMI":1,"TDes":"ba66038a-c58d-4692-b5b3-374853b87de0","TJDI":7,"IsRe":false},{"JMID":1,"FTyp":2,"Symb":"004100620063","TMod":"d7933c5f-730a-45aa-a5ff-bc90260eeec2","TJMI":0,"TDes":"ba66038a-c58d-4692-b5b3-374853b87de0","TJDI":7,"IsRe":false}]}]}], "Export Version": 1.0, "End": true}